path,size_bytes,width,height,caption,tags
Gemini_Generated_Image_knwgcfknwgcfknwg.png,5917610,1216,3520,Gemini Generated Image Knwgcfknwgcfknwg,"gemini,generated,image,knwgcfknwgcfknwg"
WebsiteContent/Images/0dc40042-d6f1-4993-b83d-f63b8574e57a.png,2002355,1024,1536,0Dc40042 D6F1 4993 B83D F63B8574E57A,"websitecontent,images,0dc40042,d6f1,4993,b83d,f63b8574e57a"
WebsiteContent/Images/0e36efa5-c765-4f4e-98bf-1b9abeb7474f.png,2084024,1024,1024,0E36Efa5 C765 4F4E 98Bf 1B9Abeb7474F,"websitecontent,images,0e36efa5,c765,4f4e,98bf,1b9abeb7474f"
WebsiteContent/Images/1.png,659866,683,1024,1,"websitecontent,images"
WebsiteContent/Images/10.png,831455,1408,768,10,"websitecontent,images,10"
WebsiteContent/Images/100.png,731778,768,768,100,"websitecontent,images,100"
WebsiteContent/Images/1000.jpeg,504914,1408,768,1000,"websitecontent,images,1000"
WebsiteContent/Images/1001.jpeg,350414,1408,768,1001,"websitecontent,images,1001"
WebsiteContent/Images/1002.jpeg,432381,1408,768,1002,"websitecontent,images,1002"
WebsiteContent/Images/1003.jpeg,347143,1408,768,1003,"websitecontent,images,1003"
WebsiteContent/Images/1004.jpeg,419642,1408,768,1004,"websitecontent,images,1004"
WebsiteContent/Images/1005.jpeg,564758,1408,768,1005,"websitecontent,images,1005"
WebsiteContent/Images/1006.jpeg,380217,1408,768,1006,"websitecontent,images,1006"
WebsiteContent/Images/1007.jpeg,382179,1408,768,1007,"websitecontent,images,1007"
WebsiteContent/Images/1008.jpeg,405980,1408,768,1008,"websitecontent,images,1008"
WebsiteContent/Images/1009.jpeg,475543,1408,768,1009,"websitecontent,images,1009"
WebsiteContent/Images/101.png,1111641,1024,1024,101,"websitecontent,images,101"
WebsiteContent/Images/1010.jpeg,472625,1408,768,1010,"websitecontent,images,1010"
WebsiteContent/Images/1011.png,2409915,1344,768,1011,"websitecontent,images,1011"
WebsiteContent/Images/1012.jpeg,432028,1408,768,1012,"websitecontent,images,1012"
WebsiteContent/Images/1013.jpeg,573230,1408,768,1013,"websitecontent,images,1013"
WebsiteContent/Images/1014.jpeg,295412,1408,768,1014,"websitecontent,images,1014"
WebsiteContent/Images/1015.jpeg,306427,1408,768,1015,"websitecontent,images,1015"
WebsiteContent/Images/1016.jpeg,444768,1408,768,1016,"websitecontent,images,1016"
WebsiteContent/Images/1017.jpeg,380203,1408,768,1017,"websitecontent,images,1017"
WebsiteContent/Images/1018.jpeg,649728,1408,768,1018,"websitecontent,images,1018"
WebsiteContent/Images/1019.png,2310650,1344,768,1019,"websitecontent,images,1019"
WebsiteContent/Images/102.png,1115815,1024,1024,102,"websitecontent,images,102"
WebsiteContent/Images/1020.jpeg,359493,1408,768,1020,"websitecontent,images,1020"
WebsiteContent/Images/1021.jpeg,476400,1408,768,1021,"websitecontent,images,1021"
WebsiteContent/Images/1022.jpeg,366018,1408,768,1022,"websitecontent,images,1022"
WebsiteContent/Images/1023.jpeg,434071,1408,768,1023,"websitecontent,images,1023"
WebsiteContent/Images/1024.jpeg,423320,1408,768,1024,"websitecontent,images,1024"
WebsiteContent/Images/1025.png,2160092,1344,768,1025,"websitecontent,images,1025"
WebsiteContent/Images/1026.png,2448063,1344,768,1026,"websitecontent,images,1026"
WebsiteContent/Images/1027.jpeg,451767,1408,768,1027,"websitecontent,images,1027"
WebsiteContent/Images/1028.jpeg,444113,1408,768,1028,"websitecontent,images,1028"
WebsiteContent/Images/1029.jpeg,336763,1408,768,1029,"websitecontent,images,1029"
WebsiteContent/Images/103.png,1251983,1024,1024,103,"websitecontent,images,103"
WebsiteContent/Images/1030.jpeg,557381,1408,768,1030,"websitecontent,images,1030"
WebsiteContent/Images/1031.jpeg,466802,1408,768,1031,"websitecontent,images,1031"
WebsiteContent/Images/1032.jpeg,288922,1408,768,1032,"websitecontent,images,1032"
WebsiteContent/Images/1033.jpeg,380960,1408,768,1033,"websitecontent,images,1033"
WebsiteContent/Images/1034.jpeg,370384,1408,768,1034,"websitecontent,images,1034"
WebsiteContent/Images/1035.jpeg,397067,1408,768,1035,"websitecontent,images,1035"
WebsiteContent/Images/1036.jpeg,462553,1408,768,1036,"websitecontent,images,1036"
WebsiteContent/Images/1037.jpeg,331036,1408,768,1037,"websitecontent,images,1037"
WebsiteContent/Images/1038.jpeg,424192,1408,768,1038,"websitecontent,images,1038"
WebsiteContent/Images/1039.png,2572512,1344,768,1039,"websitecontent,images,1039"
WebsiteContent/Images/104.png,2074742,1024,1024,104,"websitecontent,images,104"
WebsiteContent/Images/1040.png,2449868,1344,768,1040,"websitecontent,images,1040"
WebsiteContent/Images/1041.jpeg,492258,1408,768,1041,"websitecontent,images,1041"
WebsiteContent/Images/1042.jpeg,384358,1408,768,1042,"websitecontent,images,1042"
WebsiteContent/Images/1043.jpeg,461553,1408,768,1043,"websitecontent,images,1043"
WebsiteContent/Images/1044.jpeg,555886,1408,768,1044,"websitecontent,images,1044"
WebsiteContent/Images/1045.jpeg,452755,1408,768,1045,"websitecontent,images,1045"
WebsiteContent/Images/1046.jpeg,454271,1408,768,1046,"websitecontent,images,1046"
WebsiteContent/Images/1047.jpeg,461638,1408,768,1047,"websitecontent,images,1047"
WebsiteContent/Images/1048.jpeg,426694,1408,768,1048,"websitecontent,images,1048"
WebsiteContent/Images/1049.jpeg,555518,1408,768,1049,"websitecontent,images,1049"
WebsiteContent/Images/105.png,952104,768,768,105,"websitecontent,images,105"
WebsiteContent/Images/1050.jpeg,401331,1408,768,1050,"websitecontent,images,1050"
WebsiteContent/Images/1051.jpeg,444121,1408,768,1051,"websitecontent,images,1051"
WebsiteContent/Images/1052.png,2019365,1344,768,1052,"websitecontent,images,1052"
WebsiteContent/Images/1053.jpeg,525190,1408,768,1053,"websitecontent,images,1053"
WebsiteContent/Images/1054.png,2259099,1344,768,1054,"websitecontent,images,1054"
WebsiteContent/Images/1055.jpeg,475659,1408,768,1055,"websitecontent,images,1055"
WebsiteContent/Images/1056.jpeg,389674,1408,768,1056,"websitecontent,images,1056"
WebsiteContent/Images/1057.jpeg,568636,1408,768,1057,"websitecontent,images,1057"
WebsiteContent/Images/1058.jpeg,412657,1408,768,1058,"websitecontent,images,1058"
WebsiteContent/Images/1059.jpeg,438221,1408,768,1059,"websitecontent,images,1059"
WebsiteContent/Images/106.png,1201028,1024,1024,106,"websitecontent,images,106"
WebsiteContent/Images/1060.jpeg,473883,1408,768,1060,"websitecontent,images,1060"
WebsiteContent/Images/1061.jpeg,419708,1408,768,1061,"websitecontent,images,1061"
WebsiteContent/Images/1062.jpeg,383389,1408,768,1062,"websitecontent,images,1062"
WebsiteContent/Images/1063.png,2614621,1344,768,1063,"websitecontent,images,1063"
WebsiteContent/Images/1064.jpeg,367069,1408,768,1064,"websitecontent,images,1064"
WebsiteContent/Images/1065.jpeg,401321,1408,768,1065,"websitecontent,images,1065"
WebsiteContent/Images/1066.jpeg,483720,1408,768,1066,"websitecontent,images,1066"
WebsiteContent/Images/1067.jpeg,478211,1408,768,1067,"websitecontent,images,1067"
WebsiteContent/Images/1068.png,2455321,1344,768,1068,"websitecontent,images,1068"
WebsiteContent/Images/1069.jpeg,413961,1408,768,1069,"websitecontent,images,1069"
WebsiteContent/Images/107.png,2210273,1024,1024,107,"websitecontent,images,107"
WebsiteContent/Images/1070.png,2215270,1344,768,1070,"websitecontent,images,1070"
WebsiteContent/Images/1071.jpeg,297248,1408,768,1071,"websitecontent,images,1071"
WebsiteContent/Images/1072.png,2138120,1344,768,1072,"websitecontent,images,1072"
WebsiteContent/Images/1073.jpeg,417896,1408,768,1073,"websitecontent,images,1073"
WebsiteContent/Images/1074.jpeg,490142,1408,768,1074,"websitecontent,images,1074"
WebsiteContent/Images/1075.jpeg,462332,1408,768,1075,"websitecontent,images,1075"
WebsiteContent/Images/1076.jpeg,382455,1408,768,1076,"websitecontent,images,1076"
WebsiteContent/Images/1077.jpeg,479089,1408,768,1077,"websitecontent,images,1077"
WebsiteContent/Images/1078.jpeg,477036,1408,768,1078,"websitecontent,images,1078"
WebsiteContent/Images/1079.jpeg,347618,1408,768,1079,"websitecontent,images,1079"
WebsiteContent/Images/108.png,1910300,1024,1024,108,"websitecontent,images,108"
WebsiteContent/Images/1080.jpeg,426245,1408,768,1080,"websitecontent,images,1080"
WebsiteContent/Images/1081.jpeg,436016,1408,768,1081,"websitecontent,images,1081"
WebsiteContent/Images/1082.png,2484803,1344,768,1082,"websitecontent,images,1082"
WebsiteContent/Images/1083.jpeg,411476,1408,768,1083,"websitecontent,images,1083"
WebsiteContent/Images/1084.png,2042509,1344,768,1084,"websitecontent,images,1084"
WebsiteContent/Images/1085.jpeg,389446,1408,768,1085,"websitecontent,images,1085"
WebsiteContent/Images/1086.jpeg,370086,1408,768,1086,"websitecontent,images,1086"
WebsiteContent/Images/1087.jpeg,532002,1408,768,1087,"websitecontent,images,1087"
WebsiteContent/Images/1088.jpeg,327049,1408,768,1088,"websitecontent,images,1088"
WebsiteContent/Images/1089.png,2496808,1344,768,1089,"websitecontent,images,1089"
WebsiteContent/Images/109.png,1845264,1024,1024,109,"websitecontent,images,109"
WebsiteContent/Images/1090.jpeg,404025,1408,768,1090,"websitecontent,images,1090"
WebsiteContent/Images/1091.jpeg,455868,1408,768,1091,"websitecontent,images,1091"
WebsiteContent/Images/1092.jpeg,447224,1408,768,1092,"websitecontent,images,1092"
WebsiteContent/Images/1093.png,2297124,1344,768,1093,"websitecontent,images,1093"
WebsiteContent/Images/1094.jpeg,357425,1408,768,1094,"websitecontent,images,1094"
WebsiteContent/Images/1095.png,2298888,1344,768,1095,"websitecontent,images,1095"
WebsiteContent/Images/1096.png,1706171,1408,768,1096,"websitecontent,images,1096"
WebsiteContent/Images/1097.jpg,226751,1024,904,1097,"websitecontent,images,1097"
WebsiteContent/Images/1098.jpg,182432,1024,1024,1098,"websitecontent,images,1098"
WebsiteContent/Images/1099.jpg,227130,1024,904,1099,"websitecontent,images,1099"
WebsiteContent/Images/11.png,1584030,1024,1024,11,"websitecontent,images,11"
WebsiteContent/Images/110.png,821226,1408,768,110,"websitecontent,images,110"
WebsiteContent/Images/1100.jpg,68977,683,1024,1100,"websitecontent,images,1100"
WebsiteContent/Images/1101.jpg,69083,683,1024,1101,"websitecontent,images,1101"
WebsiteContent/Images/1102.jpg,73078,683,1024,1102,"websitecontent,images,1102"
WebsiteContent/Images/111.png,1644990,1344,768,111,"websitecontent,images,111"
WebsiteContent/Images/112.png,907502,1408,768,112,"websitecontent,images,112"
WebsiteContent/Images/113.png,493257,1024,572,113,"websitecontent,images,113"
WebsiteContent/Images/114.png,863018,1344,768,114,"websitecontent,images,114"
WebsiteContent/Images/115.png,1094578,1408,768,115,"websitecontent,images,115"
WebsiteContent/Images/116.jpg,57034,752,416,116,"websitecontent,images,116"
WebsiteContent/Images/117.png,1031419,1344,768,117,"websitecontent,images,117"
WebsiteContent/Images/118.png,1307926,1280,704,118,"websitecontent,images,118"
WebsiteContent/Images/119.jpg,333760,1408,768,119,"websitecontent,images,119"
WebsiteContent/Images/12.png,1400346,1024,1024,12,"websitecontent,images,12"
WebsiteContent/Images/120.png,1813221,1024,1024,120,"websitecontent,images,120"
WebsiteContent/Images/121.png,2294193,1536,1024,121,"websitecontent,images,121"
WebsiteContent/Images/122.jpg,312347,1408,768,122,"websitecontent,images,122"
WebsiteContent/Images/123.png,1745553,1536,1024,123,"websitecontent,images,123"
WebsiteContent/Images/124.jpg,357088,1408,768,124,"websitecontent,images,124"
WebsiteContent/Images/125.png,426154,752,416,125,"websitecontent,images,125"
WebsiteContent/Images/126.png,2614176,1024,1536,126,"websitecontent,images,126"
WebsiteContent/Images/1267643.png,1638657,1344,768,1267643,"websitecontent,images,1267643"
WebsiteContent/Images/127.jpg,52232,1024,576,127,"websitecontent,images,127"
WebsiteContent/Images/128.jpg,642216,2048,1080,128,"websitecontent,images,128"
WebsiteContent/Images/129.jpg,136542,1365,768,129,"websitecontent,images,129"
WebsiteContent/Images/13.png,1312833,1024,1024,13,"websitecontent,images,13"
WebsiteContent/Images/130.jpg,362151,1408,768,130,"websitecontent,images,130"
WebsiteContent/Images/131.jpg,290658,1600,896,131,"websitecontent,images,131"
WebsiteContent/Images/132.jpg,290658,1600,896,132,"websitecontent,images,132"
WebsiteContent/Images/133.jpg,226091,1600,896,133,"websitecontent,images,133"
WebsiteContent/Images/134.png,2160929,1024,1536,134,"websitecontent,images,134"
WebsiteContent/Images/135.png,210641,503,448,135,"websitecontent,images,135"
WebsiteContent/Images/136.jpg,11724,182,277,136,"websitecontent,images,136"
WebsiteContent/Images/137.jpg,149814,1365,768,137,"websitecontent,images,137"
WebsiteContent/Images/138.jpg,278188,1408,768,138,"websitecontent,images,138"
WebsiteContent/Images/139.png,85,5,5,139,"websitecontent,images,139"
WebsiteContent/Images/14.png,1295340,1024,1024,14,"websitecontent,images,14"
WebsiteContent/Images/140.png,916073,1041,1042,140,"websitecontent,images,140"
WebsiteContent/Images/141.png,6269,64,64,141,"websitecontent,images,141"
WebsiteContent/Images/142.png,2267,32,32,142,"websitecontent,images,142"
WebsiteContent/Images/143.jpg,96225,683,1024,143,"websitecontent,images,143"
WebsiteContent/Images/144.png,9494471,9054,6063,144,"websitecontent,images,144"
WebsiteContent/Images/145.png,2276084,1024,1536,145,"websitecontent,images,145"
WebsiteContent/Images/146.png,375859,398,1000,146,"websitecontent,images,146"
WebsiteContent/Images/147.png,2527336,1024,1536,147,"websitecontent,images,147"
WebsiteContent/Images/148.png,894383,900,1008,148,"websitecontent,images,148"
WebsiteContent/Images/149.jpg,245089,1000,1000,149,"websitecontent,images,149"
WebsiteContent/Images/15.png,1595547,1024,1024,15,"websitecontent,images,15"
WebsiteContent/Images/150.png,219865,705,735,150,"websitecontent,images,150"
WebsiteContent/Images/151.png,1925444,1024,1024,151,"websitecontent,images,151"
WebsiteContent/Images/152.jpg,435135,1408,768,152,"websitecontent,images,152"
WebsiteContent/Images/153.png,138452,798,626,153,"websitecontent,images,153"
WebsiteContent/Images/154.png,1121793,2129,512,154,"websitecontent,images,154"
WebsiteContent/Images/155.jpg,439378,1408,768,155,"websitecontent,images,155"
WebsiteContent/Images/156.jpg,377715,1408,768,156,"websitecontent,images,156"
WebsiteContent/Images/157.png,1344456,1024,1024,157,"websitecontent,images,157"
WebsiteContent/Images/158.png,18534,335,407,158,"websitecontent,images,158"
WebsiteContent/Images/159.png,121933,1024,1024,159,"websitecontent,images,159"
WebsiteContent/Images/16.png,1435129,1024,1024,16,"websitecontent,images,16"
WebsiteContent/Images/160.png,901661,1024,1024,160,"websitecontent,images,160"
WebsiteContent/Images/161.png,1240429,1024,1024,161,"websitecontent,images,161"
WebsiteContent/Images/162.png,1598416,1024,1024,162,"websitecontent,images,162"
WebsiteContent/Images/163.jpg,128700,1080,669,163,"websitecontent,images,163"
WebsiteContent/Images/164.jpg,201570,1024,585,164,"websitecontent,images,164"
WebsiteContent/Images/165.jpg,201570,1024,585,165,"websitecontent,images,165"
WebsiteContent/Images/166.png,2320083,1536,1024,166,"websitecontent,images,166"
WebsiteContent/Images/167.png,1627078,1024,1024,167,"websitecontent,images,167"
WebsiteContent/Images/168.png,2507133,2482,3510,168,"websitecontent,images,168"
WebsiteContent/Images/169.png,1011730,741,952,169,"websitecontent,images,169"
WebsiteContent/Images/170.png,1323687,1024,1024,170,"websitecontent,images,170"
WebsiteContent/Images/171.png,341452,512,512,171,"websitecontent,images,171"
WebsiteContent/Images/172.png,1643198,1024,1024,172,"websitecontent,images,172"
WebsiteContent/Images/173.png,1106442,1024,1024,173,"websitecontent,images,173"
WebsiteContent/Images/174.png,1661927,1024,1024,174,"websitecontent,images,174"
WebsiteContent/Images/175.png,1408063,1024,1024,175,"websitecontent,images,175"
WebsiteContent/Images/176.png,3881212,2480,1200,176,"websitecontent,images,176"
WebsiteContent/Images/1761328733_89900f2d.png,1547934,1024,1024,1761328733 89900F2D,"websitecontent,images,1761328733,89900f2d"
WebsiteContent/Images/1761341390_bba63ae3.png,1384848,1024,1024,1761341390 Bba63Ae3,"websitecontent,images,1761341390,bba63ae3"
WebsiteContent/Images/177.png,1300765,1024,1024,177,"websitecontent,images,177"
WebsiteContent/Images/178.png,1541503,1024,1024,178,"websitecontent,images,178"
WebsiteContent/Images/179.png,1579205,1024,1024,179,"websitecontent,images,179"
WebsiteContent/Images/18.png,1792476,1024,1024,18,"websitecontent,images,18"
WebsiteContent/Images/180.png,1199273,1024,1024,180,"websitecontent,images,180"
WebsiteContent/Images/181.png,1368987,1024,1024,181,"websitecontent,images,181"
WebsiteContent/Images/182.png,1392655,1024,1024,182,"websitecontent,images,182"
WebsiteContent/Images/183.png,1449382,1024,1024,183,"websitecontent,images,183"
WebsiteContent/Images/184.png,1199103,1024,1024,184,"websitecontent,images,184"
WebsiteContent/Images/185.png,1309125,1024,1024,185,"websitecontent,images,185"
WebsiteContent/Images/186.png,1004182,960,816,186,"websitecontent,images,186"
WebsiteContent/Images/187.png,1047599,960,816,187,"websitecontent,images,187"
WebsiteContent/Images/188.png,796933,960,816,188,"websitecontent,images,188"
WebsiteContent/Images/189.png,999867,960,816,189,"websitecontent,images,189"
WebsiteContent/Images/19.png,1509012,1024,1024,19,"websitecontent,images,19"
WebsiteContent/Images/190.png,961652,960,816,190,"websitecontent,images,190"
WebsiteContent/Images/191.png,940502,960,816,191,"websitecontent,images,191"
WebsiteContent/Images/192.png,899097,960,816,192,"websitecontent,images,192"
WebsiteContent/Images/193.png,1787939,1024,1024,193,"websitecontent,images,193"
WebsiteContent/Images/194.png,6888,1440,1024,194,"websitecontent,images,194"
WebsiteContent/Images/195.jpg,324459,1408,768,195,"websitecontent,images,195"
WebsiteContent/Images/196.png,2133024,1915,1005,196,"websitecontent,images,196"
WebsiteContent/Images/197.png,1051206,1024,576,197,"websitecontent,images,197"
WebsiteContent/Images/198.png,1608731,1024,1024,198,"websitecontent,images,198"
WebsiteContent/Images/199.png,924021,1024,576,199,"websitecontent,images,199"
WebsiteContent/Images/20.png,1541434,1024,1024,20,"websitecontent,images,20"
WebsiteContent/Images/200.png,959346,1024,576,200,"websitecontent,images,200"
WebsiteContent/Images/201.png,1650299,1024,1024,201,"websitecontent,images,201"
WebsiteContent/Images/202.png,1334305,1344,756,202,"websitecontent,images,202"
WebsiteContent/Images/203.png,184436,714,562,203,"websitecontent,images,203"
WebsiteContent/Images/204.png,329581,1024,1024,204,"websitecontent,images,204"
WebsiteContent/Images/205.png,2122289,1344,768,205,"websitecontent,images,205"
WebsiteContent/Images/206.png,214022,606,735,206,"websitecontent,images,206"
WebsiteContent/Images/207.jpeg,527683,1536,2048,207,"websitecontent,images,207"
WebsiteContent/Images/208.png,2475052,1024,1536,208,"websitecontent,images,208"
WebsiteContent/Images/209.jpeg,726994,1536,2048,209,"websitecontent,images,209"
WebsiteContent/Images/210.jpeg,804381,1536,2048,210,"websitecontent,images,210"
WebsiteContent/Images/211.png,192708,1366,768,211,"websitecontent,images,211"
WebsiteContent/Images/212.jpeg,757913,1536,2048,212,"websitecontent,images,212"
WebsiteContent/Images/213.jpg,162431,864,1536,213,"websitecontent,images,213"
WebsiteContent/Images/214.png,1363401,1536,572,214,"websitecontent,images,214"
WebsiteContent/Images/215.png,2604180,2048,762,215,"websitecontent,images,215"
WebsiteContent/Images/216.png,2475052,1024,1536,216,"websitecontent,images,216"
WebsiteContent/Images/217.jpg,157459,864,1536,217,"websitecontent,images,217"
WebsiteContent/Images/218.png,2815938,1024,1024,218,"websitecontent,images,218"
WebsiteContent/Images/219.png,1220398,950,1064,219,"websitecontent,images,219"
WebsiteContent/Images/220.png,2162809,1536,1024,220,"websitecontent,images,220"
WebsiteContent/Images/221.jpg,521522,1541,2048,221,"websitecontent,images,221"
WebsiteContent/Images/222.jpeg,396390,1024,1536,222,"websitecontent,images,222"
WebsiteContent/Images/223.jpeg,481409,1536,2048,223,"websitecontent,images,223"
WebsiteContent/Images/224.jpg,156700,864,1536,224,"websitecontent,images,224"
WebsiteContent/Images/225.jpeg,115319,486,1080,225,"websitecontent,images,225"
WebsiteContent/Images/226.png,1255073,828,1472,226,"websitecontent,images,226"
WebsiteContent/Images/227.jpg,59307,600,554,227,"websitecontent,images,227"
WebsiteContent/Images/228.png,1505312,1024,1024,228,"websitecontent,images,228"
WebsiteContent/Images/229.png,1059465,832,1248,229,"websitecontent,images,229"
WebsiteContent/Images/23.png,2134896,1024,1024,23,"websitecontent,images,23"
WebsiteContent/Images/230.png,5230687,2752,1536,230,"websitecontent,images,230"
WebsiteContent/Images/231.png,882563,2048,512,231,"websitecontent,images,231"
WebsiteContent/Images/232.png,1081909,2048,512,232,"websitecontent,images,232"
WebsiteContent/Images/233.png,5624212,2752,1536,233,"websitecontent,images,233"
WebsiteContent/Images/234.png,1239336,997,995,234,"websitecontent,images,234"
WebsiteContent/Images/235.png,1667848,989,995,235,"websitecontent,images,235"
WebsiteContent/Images/236.png,1214799,1109,707,236,"websitecontent,images,236"
WebsiteContent/Images/237.jpg,7361,275,183,237,"websitecontent,images,237"
WebsiteContent/Images/238.png,994666,960,704,238,"websitecontent,images,238"
WebsiteContent/Images/239.png,27871,304,537,239,"websitecontent,images,239"
WebsiteContent/Images/24.png,1856823,1024,1024,24,"websitecontent,images,24"
WebsiteContent/Images/240.png,1160321,2482,3510,240,"websitecontent,images,240"
WebsiteContent/Images/241.png,1585246,1024,1024,241,"websitecontent,images,241"
WebsiteContent/Images/242.png,2455434,1024,1024,242,"websitecontent,images,242"
WebsiteContent/Images/243.jpg,61936,481,651,243,"websitecontent,images,243"
WebsiteContent/Images/244.png,9828274,3000,6063,244,"websitecontent,images,244"
WebsiteContent/Images/245.png,771766,2050,1141,245,"websitecontent,images,245"
WebsiteContent/Images/246.png,1760552,1024,1024,246,"websitecontent,images,246"
WebsiteContent/Images/247.png,2679659,1414,2000,247,"websitecontent,images,247"
WebsiteContent/Images/248.png,806316,798,626,248,"websitecontent,images,248"
WebsiteContent/Images/249.png,216979,672,191,249,"websitecontent,images,249"
WebsiteContent/Images/25.png,2122847,1024,1024,25,"websitecontent,images,25"
WebsiteContent/Images/250.png,1757,275,72,250,"websitecontent,images,250"
WebsiteContent/Images/251.png,209708,832,186,251,"websitecontent,images,251"
WebsiteContent/Images/252.png,3411,51,56,252,"websitecontent,images,252"
WebsiteContent/Images/253.png,2084024,1024,1024,253,"websitecontent,images,253"
WebsiteContent/Images/254.jpg,977717,2560,1707,254,"websitecontent,images,254"
WebsiteContent/Images/255.jpg,487804,3000,2110,255,"websitecontent,images,255"
WebsiteContent/Images/256.png,2606,155,155,256,"websitecontent,images,256"
WebsiteContent/Images/257.png,641173,360,826,257,"websitecontent,images,257"
WebsiteContent/Images/258.png,418337,432,448,258,"websitecontent,images,258"
WebsiteContent/Images/259.png,626244,826,360,259,"websitecontent,images,259"
WebsiteContent/Images/260.png,815339,1024,1024,260,"websitecontent,images,260"
WebsiteContent/Images/261.png,1661673,1024,1024,261,"websitecontent,images,261"
WebsiteContent/Images/262.png,261984,752,416,262,"websitecontent,images,262"
WebsiteContent/Images/263.png,1511718,1024,1024,263,"websitecontent,images,263"
WebsiteContent/Images/264.png,502005,432,448,264,"websitecontent,images,264"
WebsiteContent/Images/265.png,220548,342,347,265,"websitecontent,images,265"
WebsiteContent/Images/266.png,243095,342,348,266,"websitecontent,images,266"
WebsiteContent/Images/267.png,218178,344,350,267,"websitecontent,images,267"
WebsiteContent/Images/268.png,144803,351,347,268,"websitecontent,images,268"
WebsiteContent/Images/269.png,189270,344,347,269,"websitecontent,images,269"
WebsiteContent/Images/270.jpg,146070,1024,572,270,"websitecontent,images,270"
WebsiteContent/Images/271.png,576669,683,1024,271,"websitecontent,images,271"
WebsiteContent/Images/272.jpg,173546,1024,572,272,"websitecontent,images,272"
WebsiteContent/Images/273.png,576669,683,1024,273,"websitecontent,images,273"
WebsiteContent/Images/274.jpg,134741,1024,547,274,"websitecontent,images,274"
WebsiteContent/Images/275.jpg,119325,1024,590,275,"websitecontent,images,275"
WebsiteContent/Images/276.jpg,149019,1024,547,276,"websitecontent,images,276"
WebsiteContent/Images/277.jpg,52288,371,512,277,"websitecontent,images,277"
WebsiteContent/Images/278.png,626533,683,1024,278,"websitecontent,images,278"
WebsiteContent/Images/279.png,314452,627,746,279,"websitecontent,images,279"
WebsiteContent/Images/280.png,1162531,950,1064,280,"websitecontent,images,280"
WebsiteContent/Images/281.png,20045740,14603,6063,281,"websitecontent,images,281"
WebsiteContent/Images/282.png,850602,960,816,282,"websitecontent,images,282"
WebsiteContent/Images/283.png,1105264,1344,756,283,"websitecontent,images,283"
WebsiteContent/Images/284.png,616825,1280,720,284,"websitecontent,images,284"
WebsiteContent/Images/285.png,616893,1280,720,285,"websitecontent,images,285"
WebsiteContent/Images/286.png,616775,1280,720,286,"websitecontent,images,286"
WebsiteContent/Images/287.png,617543,1280,720,287,"websitecontent,images,287"
WebsiteContent/Images/288.png,619198,1280,720,288,"websitecontent,images,288"
WebsiteContent/Images/289.png,618486,1280,720,289,"websitecontent,images,289"
WebsiteContent/Images/290.png,618591,1280,720,290,"websitecontent,images,290"
WebsiteContent/Images/291.png,617746,1280,720,291,"websitecontent,images,291"
WebsiteContent/Images/292.png,619012,1280,720,292,"websitecontent,images,292"
WebsiteContent/Images/293.png,620481,1280,720,293,"websitecontent,images,293"
WebsiteContent/Images/294.png,621103,1280,720,294,"websitecontent,images,294"
WebsiteContent/Images/295.png,621052,1280,720,295,"websitecontent,images,295"
WebsiteContent/Images/296.png,621176,1280,720,296,"websitecontent,images,296"
WebsiteContent/Images/297.png,619640,1280,720,297,"websitecontent,images,297"
WebsiteContent/Images/298.png,621108,1280,720,298,"websitecontent,images,298"
WebsiteContent/Images/299.png,619976,1280,720,299,"websitecontent,images,299"
WebsiteContent/Images/30.png,1983702,1024,1024,30,"websitecontent,images,30"
WebsiteContent/Images/300.png,619976,1280,720,300,"websitecontent,images,300"
WebsiteContent/Images/301.png,622293,1280,720,301,"websitecontent,images,301"
WebsiteContent/Images/302.png,619949,1280,720,302,"websitecontent,images,302"
WebsiteContent/Images/303.png,619131,1280,720,303,"websitecontent,images,303"
WebsiteContent/Images/304.png,355193,678,370,304,"websitecontent,images,304"
WebsiteContent/Images/305.png,1626642,1504,832,305,"websitecontent,images,305"
WebsiteContent/Images/306.png,1300398,1504,832,306,"websitecontent,images,306"
WebsiteContent/Images/307.png,1970921,1504,832,307,"websitecontent,images,307"
WebsiteContent/Images/308.png,1587951,1504,832,308,"websitecontent,images,308"
WebsiteContent/Images/309.png,1525170,1280,720,309,"websitecontent,images,309"
WebsiteContent/Images/31.png,1454616,1024,1024,31,"websitecontent,images,31"
WebsiteContent/Images/310.png,1311569,1024,1024,310,"websitecontent,images,310"
WebsiteContent/Images/311.png,212925,344,345,311,"websitecontent,images,311"
WebsiteContent/Images/312.jpeg,419567,1408,768,312,"websitecontent,images,312"
WebsiteContent/Images/313.jpeg,360314,1408,768,313,"websitecontent,images,313"
WebsiteContent/Images/314.png,2288951,1344,768,314,"websitecontent,images,314"
WebsiteContent/Images/315.jpeg,377288,1408,768,315,"websitecontent,images,315"
WebsiteContent/Images/316.jpeg,500219,1408,768,316,"websitecontent,images,316"
WebsiteContent/Images/317.jpeg,379911,1408,768,317,"websitecontent,images,317"
WebsiteContent/Images/318.png,2368431,1344,768,318,"websitecontent,images,318"
WebsiteContent/Images/319.png,2278157,1344,768,319,"websitecontent,images,319"
WebsiteContent/Images/32.png,1119842,1024,1024,32,"websitecontent,images,32"
WebsiteContent/Images/320.jpeg,427761,1408,768,320,"websitecontent,images,320"
WebsiteContent/Images/321.png,2225041,1344,768,321,"websitecontent,images,321"
WebsiteContent/Images/322.jpeg,491335,1408,768,322,"websitecontent,images,322"
WebsiteContent/Images/323.jpeg,416408,1408,768,323,"websitecontent,images,323"
WebsiteContent/Images/324.jpeg,319594,1408,768,324,"websitecontent,images,324"
WebsiteContent/Images/325.png,2117559,1344,768,325,"websitecontent,images,325"
WebsiteContent/Images/326.jpeg,421490,1408,768,326,"websitecontent,images,326"
WebsiteContent/Images/327.jpeg,271904,1408,768,327,"websitecontent,images,327"
WebsiteContent/Images/328.jpeg,440640,1408,768,328,"websitecontent,images,328"
WebsiteContent/Images/329.png,2595208,1344,768,329,"websitecontent,images,329"
WebsiteContent/Images/33.png,2192092,1024,1024,33,"websitecontent,images,33"
WebsiteContent/Images/330.jpeg,416800,1408,768,330,"websitecontent,images,330"
WebsiteContent/Images/331.png,2429241,1344,768,331,"websitecontent,images,331"
WebsiteContent/Images/332.png,2015228,1344,768,332,"websitecontent,images,332"
WebsiteContent/Images/333.jpeg,492464,1408,768,333,"websitecontent,images,333"
WebsiteContent/Images/334.jpeg,444713,1408,768,334,"websitecontent,images,334"
WebsiteContent/Images/335.jpeg,366972,1408,768,335,"websitecontent,images,335"
WebsiteContent/Images/336.jpeg,396598,1408,768,336,"websitecontent,images,336"
WebsiteContent/Images/337.jpeg,312982,1408,768,337,"websitecontent,images,337"
WebsiteContent/Images/338.png,1177972,1344,768,338,"websitecontent,images,338"
WebsiteContent/Images/339.jpeg,347415,1408,768,339,"websitecontent,images,339"
WebsiteContent/Images/34.png,1955470,1024,1024,34,"websitecontent,images,34"
WebsiteContent/Images/340.jpeg,382291,1408,768,340,"websitecontent,images,340"
WebsiteContent/Images/341.jpeg,435207,1408,768,341,"websitecontent,images,341"
WebsiteContent/Images/342.jpeg,336836,1408,768,342,"websitecontent,images,342"
WebsiteContent/Images/343.jpeg,489651,1408,768,343,"websitecontent,images,343"
WebsiteContent/Images/344.jpeg,614860,1408,768,344,"websitecontent,images,344"
WebsiteContent/Images/345.jpeg,397610,1408,768,345,"websitecontent,images,345"
WebsiteContent/Images/346.jpeg,525000,1408,768,346,"websitecontent,images,346"
WebsiteContent/Images/347.jpeg,405670,1408,768,347,"websitecontent,images,347"
WebsiteContent/Images/348.jpeg,469360,1408,768,348,"websitecontent,images,348"
WebsiteContent/Images/349.png,2312083,1344,768,349,"websitecontent,images,349"
WebsiteContent/Images/35.png,1885996,1024,1024,35,"websitecontent,images,35"
WebsiteContent/Images/350.jpeg,403792,1408,768,350,"websitecontent,images,350"
WebsiteContent/Images/351.jpeg,379311,1408,768,351,"websitecontent,images,351"
WebsiteContent/Images/352.jpeg,338996,1408,768,352,"websitecontent,images,352"
WebsiteContent/Images/353.jpeg,374495,1408,768,353,"websitecontent,images,353"
WebsiteContent/Images/354.jpeg,430202,1408,768,354,"websitecontent,images,354"
WebsiteContent/Images/355.jpeg,474491,1408,768,355,"websitecontent,images,355"
WebsiteContent/Images/356.jpeg,477067,1408,768,356,"websitecontent,images,356"
WebsiteContent/Images/357.png,1066358,1344,768,357,"websitecontent,images,357"
WebsiteContent/Images/358.jpeg,426705,1408,768,358,"websitecontent,images,358"
WebsiteContent/Images/359.jpeg,559971,1408,768,359,"websitecontent,images,359"
WebsiteContent/Images/36.png,2230749,1024,1024,36,"websitecontent,images,36"
WebsiteContent/Images/360.jpeg,360291,1408,768,360,"websitecontent,images,360"
WebsiteContent/Images/361.jpeg,401504,1408,768,361,"websitecontent,images,361"
WebsiteContent/Images/362.jpeg,412857,1408,768,362,"websitecontent,images,362"
WebsiteContent/Images/363.jpeg,363908,1408,768,363,"websitecontent,images,363"
WebsiteContent/Images/364.jpeg,512232,1408,768,364,"websitecontent,images,364"
WebsiteContent/Images/365.jpeg,631922,1408,768,365,"websitecontent,images,365"
WebsiteContent/Images/366.jpeg,446975,1408,768,366,"websitecontent,images,366"
WebsiteContent/Images/367.jpeg,405371,1408,768,367,"websitecontent,images,367"
WebsiteContent/Images/368.jpeg,471269,1408,768,368,"websitecontent,images,368"
WebsiteContent/Images/369.jpeg,341092,1408,768,369,"websitecontent,images,369"
WebsiteContent/Images/37.png,2195724,1024,1024,37,"websitecontent,images,37"
WebsiteContent/Images/370.jpeg,404602,1408,768,370,"websitecontent,images,370"
WebsiteContent/Images/371.jpeg,471947,1408,768,371,"websitecontent,images,371"
WebsiteContent/Images/372.jpeg,457493,1408,768,372,"websitecontent,images,372"
WebsiteContent/Images/373.jpeg,435304,1408,768,373,"websitecontent,images,373"
WebsiteContent/Images/374.png,2341695,1344,768,374,"websitecontent,images,374"
WebsiteContent/Images/375.jpeg,336361,1408,768,375,"websitecontent,images,375"
WebsiteContent/Images/376.jpeg,461362,1408,768,376,"websitecontent,images,376"
WebsiteContent/Images/377.jpeg,525358,1408,768,377,"websitecontent,images,377"
WebsiteContent/Images/378.jpeg,414273,1408,768,378,"websitecontent,images,378"
WebsiteContent/Images/379.jpeg,396971,1408,768,379,"websitecontent,images,379"
WebsiteContent/Images/38.png,2173623,1024,1024,38,"websitecontent,images,38"
WebsiteContent/Images/380.jpeg,438401,1408,768,380,"websitecontent,images,380"
WebsiteContent/Images/381.jpeg,471591,1408,768,381,"websitecontent,images,381"
WebsiteContent/Images/382.jpeg,489022,1408,768,382,"websitecontent,images,382"
WebsiteContent/Images/383.jpeg,400647,1408,768,383,"websitecontent,images,383"
WebsiteContent/Images/384.png,2283560,1344,768,384,"websitecontent,images,384"
WebsiteContent/Images/385.jpeg,328011,1408,768,385,"websitecontent,images,385"
WebsiteContent/Images/386.jpeg,443048,1408,768,386,"websitecontent,images,386"
WebsiteContent/Images/387.jpeg,360374,1408,768,387,"websitecontent,images,387"
WebsiteContent/Images/388.png,2034863,1344,768,388,"websitecontent,images,388"
WebsiteContent/Images/389.png,2006507,1344,768,389,"websitecontent,images,389"
WebsiteContent/Images/39.png,2098541,1024,1024,39,"websitecontent,images,39"
WebsiteContent/Images/390.jpeg,401444,1408,768,390,"websitecontent,images,390"
WebsiteContent/Images/391.jpeg,510311,1408,768,391,"websitecontent,images,391"
WebsiteContent/Images/392.jpeg,401728,1408,768,392,"websitecontent,images,392"
WebsiteContent/Images/393.jpeg,370618,1408,768,393,"websitecontent,images,393"
WebsiteContent/Images/394.jpeg,310984,1408,768,394,"websitecontent,images,394"
WebsiteContent/Images/395.jpeg,465816,1408,768,395,"websitecontent,images,395"
WebsiteContent/Images/396.jpeg,461923,1408,768,396,"websitecontent,images,396"
WebsiteContent/Images/397.jpeg,292627,1408,768,397,"websitecontent,images,397"
WebsiteContent/Images/398.jpeg,380566,1408,768,398,"websitecontent,images,398"
WebsiteContent/Images/399.jpeg,384742,1408,768,399,"websitecontent,images,399"
WebsiteContent/Images/4.png,2172658,1344,768,4,"websitecontent,images"
WebsiteContent/Images/40.png,1614469,1024,1024,40,"websitecontent,images,40"
WebsiteContent/Images/400.png,2411277,1344,768,400,"websitecontent,images,400"
WebsiteContent/Images/401.png,2414435,1344,768,401,"websitecontent,images,401"
WebsiteContent/Images/402.jpeg,538256,1408,768,402,"websitecontent,images,402"
WebsiteContent/Images/403.jpeg,366535,1408,768,403,"websitecontent,images,403"
WebsiteContent/Images/404.png,2293311,1344,768,404,"websitecontent,images,404"
WebsiteContent/Images/405.jpeg,452121,1408,768,405,"websitecontent,images,405"
WebsiteContent/Images/406.jpeg,305442,1408,768,406,"websitecontent,images,406"
WebsiteContent/Images/407.jpeg,454905,1408,768,407,"websitecontent,images,407"
WebsiteContent/Images/408.jpeg,457449,1408,768,408,"websitecontent,images,408"
WebsiteContent/Images/409.jpeg,484625,1408,768,409,"websitecontent,images,409"
WebsiteContent/Images/41.png,1396036,1024,1024,41,"websitecontent,images,41"
WebsiteContent/Images/410.jpeg,450559,1408,768,410,"websitecontent,images,410"
WebsiteContent/Images/411.png,2367517,1344,768,411,"websitecontent,images,411"
WebsiteContent/Images/412.jpeg,443014,1408,768,412,"websitecontent,images,412"
WebsiteContent/Images/413.jpeg,478232,1408,768,413,"websitecontent,images,413"
WebsiteContent/Images/414.jpeg,414689,1408,768,414,"websitecontent,images,414"
WebsiteContent/Images/415.jpeg,469500,1408,768,415,"websitecontent,images,415"
WebsiteContent/Images/416.jpeg,429294,1408,768,416,"websitecontent,images,416"
WebsiteContent/Images/417.png,2042605,1344,768,417,"websitecontent,images,417"
WebsiteContent/Images/418.png,2335589,1344,768,418,"websitecontent,images,418"
WebsiteContent/Images/419.jpeg,346017,1408,768,419,"websitecontent,images,419"
WebsiteContent/Images/42.png,1422752,896,896,42,"websitecontent,images,42"
WebsiteContent/Images/420.jpeg,495088,1408,768,420,"websitecontent,images,420"
WebsiteContent/Images/421.jpeg,389972,1408,768,421,"websitecontent,images,421"
WebsiteContent/Images/422.jpeg,86402,1024,535,422,"websitecontent,images,422"
WebsiteContent/Images/423.jpeg,494679,1408,768,423,"websitecontent,images,423"
WebsiteContent/Images/424.jpeg,446678,1408,768,424,"websitecontent,images,424"
WebsiteContent/Images/425.jpeg,455186,1408,768,425,"websitecontent,images,425"
WebsiteContent/Images/426.jpeg,454346,1408,768,426,"websitecontent,images,426"
WebsiteContent/Images/427.jpeg,495260,1408,768,427,"websitecontent,images,427"
WebsiteContent/Images/428.jpeg,467079,1408,768,428,"websitecontent,images,428"
WebsiteContent/Images/429.jpeg,380880,1408,768,429,"websitecontent,images,429"
WebsiteContent/Images/43.png,1964693,1024,1024,43,"websitecontent,images,43"
WebsiteContent/Images/430.jpeg,458938,1408,768,430,"websitecontent,images,430"
WebsiteContent/Images/431.jpeg,389125,1408,768,431,"websitecontent,images,431"
WebsiteContent/Images/432.jpeg,388509,1408,768,432,"websitecontent,images,432"
WebsiteContent/Images/433.png,659879,1280,704,433,"websitecontent,images,433"
WebsiteContent/Images/434.jpeg,395172,1408,768,434,"websitecontent,images,434"
WebsiteContent/Images/435.jpeg,350532,1408,768,435,"websitecontent,images,435"
WebsiteContent/Images/436.jpeg,392290,1408,768,436,"websitecontent,images,436"
WebsiteContent/Images/437.png,2128248,1344,768,437,"websitecontent,images,437"
WebsiteContent/Images/438.jpeg,409582,1408,768,438,"websitecontent,images,438"
WebsiteContent/Images/439.png,2250170,1344,768,439,"websitecontent,images,439"
WebsiteContent/Images/44.png,1795178,1024,1024,44,"websitecontent,images,44"
WebsiteContent/Images/440.png,1996408,1344,768,440,"websitecontent,images,440"
WebsiteContent/Images/441.png,2425792,1344,768,441,"websitecontent,images,441"
WebsiteContent/Images/442.png,2345880,1344,768,442,"websitecontent,images,442"
WebsiteContent/Images/443.jpeg,422341,1408,768,443,"websitecontent,images,443"
WebsiteContent/Images/444.jpeg,489333,1408,768,444,"websitecontent,images,444"
WebsiteContent/Images/445.jpeg,581352,1408,768,445,"websitecontent,images,445"
WebsiteContent/Images/446.jpeg,419261,1408,768,446,"websitecontent,images,446"
WebsiteContent/Images/447.jpeg,402927,1408,768,447,"websitecontent,images,447"
WebsiteContent/Images/448.jpeg,433118,1408,768,448,"websitecontent,images,448"
WebsiteContent/Images/449.jpeg,402665,1408,768,449,"websitecontent,images,449"
WebsiteContent/Images/45.png,1316534,960,768,45,"websitecontent,images,45"
WebsiteContent/Images/450.jpeg,426477,1408,768,450,"websitecontent,images,450"
WebsiteContent/Images/451.jpeg,376626,1408,768,451,"websitecontent,images,451"
WebsiteContent/Images/452.jpeg,396779,1408,768,452,"websitecontent,images,452"
WebsiteContent/Images/453.jpeg,366602,1408,768,453,"websitecontent,images,453"
WebsiteContent/Images/454.png,2443528,1344,768,454,"websitecontent,images,454"
WebsiteContent/Images/455.png,2481343,1344,768,455,"websitecontent,images,455"
WebsiteContent/Images/456.jpeg,464349,1408,768,456,"websitecontent,images,456"
WebsiteContent/Images/457.jpeg,540997,1408,768,457,"websitecontent,images,457"
WebsiteContent/Images/458.jpeg,466585,1408,768,458,"websitecontent,images,458"
WebsiteContent/Images/459.jpeg,451536,1408,768,459,"websitecontent,images,459"
WebsiteContent/Images/46.png,994666,960,704,46,"websitecontent,images,46"
WebsiteContent/Images/460.jpeg,419263,1408,768,460,"websitecontent,images,460"
WebsiteContent/Images/461.png,2417231,1344,768,461,"websitecontent,images,461"
WebsiteContent/Images/462.png,1031159,1344,768,462,"websitecontent,images,462"
WebsiteContent/Images/463.jpeg,368693,1408,768,463,"websitecontent,images,463"
WebsiteContent/Images/464.jpeg,308743,1408,768,464,"websitecontent,images,464"
WebsiteContent/Images/465.png,1821429,1344,768,465,"websitecontent,images,465"
WebsiteContent/Images/466.png,2395436,1344,768,466,"websitecontent,images,466"
WebsiteContent/Images/467.jpeg,435326,1408,768,467,"websitecontent,images,467"
WebsiteContent/Images/468.jpeg,396101,1408,768,468,"websitecontent,images,468"
WebsiteContent/Images/469.jpeg,459711,1408,768,469,"websitecontent,images,469"
WebsiteContent/Images/47.png,1874547,1024,1024,47,"websitecontent,images,47"
WebsiteContent/Images/470.jpeg,486019,1408,768,470,"websitecontent,images,470"
WebsiteContent/Images/471.jpeg,562480,1408,768,471,"websitecontent,images,471"
WebsiteContent/Images/472.jpeg,369618,1408,768,472,"websitecontent,images,472"
WebsiteContent/Images/473.jpeg,427929,1408,768,473,"websitecontent,images,473"
WebsiteContent/Images/474.jpeg,358426,1408,768,474,"websitecontent,images,474"
WebsiteContent/Images/475.jpeg,400148,1408,768,475,"websitecontent,images,475"
WebsiteContent/Images/476.png,2313009,1344,768,476,"websitecontent,images,476"
WebsiteContent/Images/477.jpeg,340430,1408,768,477,"websitecontent,images,477"
WebsiteContent/Images/478.jpeg,400063,1408,768,478,"websitecontent,images,478"
WebsiteContent/Images/479.jpeg,409116,1408,768,479,"websitecontent,images,479"
WebsiteContent/Images/48.png,1099225,1024,1024,48,"websitecontent,images,48"
WebsiteContent/Images/480.png,2340246,1344,768,480,"websitecontent,images,480"
WebsiteContent/Images/481.jpeg,418087,1408,768,481,"websitecontent,images,481"
WebsiteContent/Images/482.jpeg,476205,1408,768,482,"websitecontent,images,482"
WebsiteContent/Images/483.jpeg,466203,1408,768,483,"websitecontent,images,483"
WebsiteContent/Images/484.jpeg,471806,1408,768,484,"websitecontent,images,484"
WebsiteContent/Images/485.jpeg,105588,1408,768,485,"websitecontent,images,485"
WebsiteContent/Images/486.jpeg,513272,1408,768,486,"websitecontent,images,486"
WebsiteContent/Images/487.jpeg,484167,1408,768,487,"websitecontent,images,487"
WebsiteContent/Images/488.jpeg,434063,1408,768,488,"websitecontent,images,488"
WebsiteContent/Images/489.jpeg,480417,1408,768,489,"websitecontent,images,489"
WebsiteContent/Images/49.png,1849649,1024,1024,49,"websitecontent,images,49"
WebsiteContent/Images/490.jpeg,402556,1408,768,490,"websitecontent,images,490"
WebsiteContent/Images/491.png,2197793,1344,768,491,"websitecontent,images,491"
WebsiteContent/Images/492.png,1017864,1568,880,492,"websitecontent,images,492"
WebsiteContent/Images/493.jpeg,336120,1408,768,493,"websitecontent,images,493"
WebsiteContent/Images/494.jpeg,330781,1408,768,494,"websitecontent,images,494"
WebsiteContent/Images/495.jpeg,336815,1408,768,495,"websitecontent,images,495"
WebsiteContent/Images/496.jpeg,424573,1408,768,496,"websitecontent,images,496"
WebsiteContent/Images/497.jpeg,403088,1408,768,497,"websitecontent,images,497"
WebsiteContent/Images/498.jpeg,420157,1408,768,498,"websitecontent,images,498"
WebsiteContent/Images/499.jpeg,405669,1408,768,499,"websitecontent,images,499"
WebsiteContent/Images/5.png,1104387,1344,768,5,"websitecontent,images"
WebsiteContent/Images/50.png,2120616,1024,1024,50,"websitecontent,images,50"
WebsiteContent/Images/500.jpeg,290663,1408,768,500,"websitecontent,images,500"
WebsiteContent/Images/501.jpeg,433520,1408,768,501,"websitecontent,images,501"
WebsiteContent/Images/502.jpeg,384721,1408,768,502,"websitecontent,images,502"
WebsiteContent/Images/503.png,2503433,1344,768,503,"websitecontent,images,503"
WebsiteContent/Images/504.png,2381410,1344,768,504,"websitecontent,images,504"
WebsiteContent/Images/505.png,2286375,1344,768,505,"websitecontent,images,505"
WebsiteContent/Images/506.jpeg,446520,1408,768,506,"websitecontent,images,506"
WebsiteContent/Images/507.jpeg,443543,1408,768,507,"websitecontent,images,507"
WebsiteContent/Images/508.jpeg,526233,1408,768,508,"websitecontent,images,508"
WebsiteContent/Images/509.jpeg,544308,1408,768,509,"websitecontent,images,509"
WebsiteContent/Images/51.png,2030241,1024,1024,51,"websitecontent,images,51"
WebsiteContent/Images/510.jpeg,532598,1408,768,510,"websitecontent,images,510"
WebsiteContent/Images/511.jpeg,343063,1408,768,511,"websitecontent,images,511"
WebsiteContent/Images/512.jpeg,424930,1408,768,512,"websitecontent,images,512"
WebsiteContent/Images/513.jpeg,376971,1408,768,513,"websitecontent,images,513"
WebsiteContent/Images/514.jpeg,464791,1408,768,514,"websitecontent,images,514"
WebsiteContent/Images/515.png,2265772,1344,768,515,"websitecontent,images,515"
WebsiteContent/Images/516.jpeg,443637,1408,768,516,"websitecontent,images,516"
WebsiteContent/Images/517.jpeg,450433,1408,768,517,"websitecontent,images,517"
WebsiteContent/Images/518.jpeg,607197,1408,768,518,"websitecontent,images,518"
WebsiteContent/Images/519.jpeg,458407,1408,768,519,"websitecontent,images,519"
WebsiteContent/Images/52.png,2255140,1024,1024,52,"websitecontent,images,52"
WebsiteContent/Images/520.jpeg,474159,1408,768,520,"websitecontent,images,520"
WebsiteContent/Images/521.jpeg,303654,1408,768,521,"websitecontent,images,521"
WebsiteContent/Images/522.jpeg,448431,1408,768,522,"websitecontent,images,522"
WebsiteContent/Images/523.jpeg,381341,1408,768,523,"websitecontent,images,523"
WebsiteContent/Images/524.png,2614621,1344,768,524,"websitecontent,images,524"
WebsiteContent/Images/525.jpeg,461636,1408,768,525,"websitecontent,images,525"
WebsiteContent/Images/526.png,2328472,1344,768,526,"websitecontent,images,526"
WebsiteContent/Images/527.jpeg,464818,1408,768,527,"websitecontent,images,527"
WebsiteContent/Images/528.jpeg,412849,1408,768,528,"websitecontent,images,528"
WebsiteContent/Images/529.jpeg,448157,1408,768,529,"websitecontent,images,529"
WebsiteContent/Images/53.png,1756518,1024,1024,53,"websitecontent,images,53"
WebsiteContent/Images/530.jpeg,422074,1408,768,530,"websitecontent,images,530"
WebsiteContent/Images/531.jpeg,430667,1408,768,531,"websitecontent,images,531"
WebsiteContent/Images/532.jpeg,452282,1408,768,532,"websitecontent,images,532"
WebsiteContent/Images/533.jpeg,342567,1408,768,533,"websitecontent,images,533"
WebsiteContent/Images/534.jpeg,445833,1408,768,534,"websitecontent,images,534"
WebsiteContent/Images/535.jpeg,434127,1408,768,535,"websitecontent,images,535"
WebsiteContent/Images/536.jpeg,396304,1408,768,536,"websitecontent,images,536"
WebsiteContent/Images/537.png,2420965,1344,768,537,"websitecontent,images,537"
WebsiteContent/Images/538.jpeg,404846,1408,768,538,"websitecontent,images,538"
WebsiteContent/Images/539.jpeg,424520,1408,768,539,"websitecontent,images,539"
WebsiteContent/Images/54.png,2003467,1024,1024,54,"websitecontent,images,54"
WebsiteContent/Images/540.jpeg,323956,1408,768,540,"websitecontent,images,540"
WebsiteContent/Images/541.png,1220587,1344,768,541,"websitecontent,images,541"
WebsiteContent/Images/542.jpeg,557021,1408,768,542,"websitecontent,images,542"
WebsiteContent/Images/543.png,2318460,1344,768,543,"websitecontent,images,543"
WebsiteContent/Images/544.png,2573408,1344,768,544,"websitecontent,images,544"
WebsiteContent/Images/545.jpeg,422222,1408,768,545,"websitecontent,images,545"
WebsiteContent/Images/546.jpeg,368627,1408,768,546,"websitecontent,images,546"
WebsiteContent/Images/547.jpeg,449451,1408,768,547,"websitecontent,images,547"
WebsiteContent/Images/548.jpeg,434346,1408,768,548,"websitecontent,images,548"
WebsiteContent/Images/549.jpeg,380047,1408,768,549,"websitecontent,images,549"
WebsiteContent/Images/55.png,2014940,1024,1024,55,"websitecontent,images,55"
WebsiteContent/Images/550.jpeg,314456,1408,768,550,"websitecontent,images,550"
WebsiteContent/Images/551.jpeg,374481,1408,768,551,"websitecontent,images,551"
WebsiteContent/Images/552.jpeg,488177,1408,768,552,"websitecontent,images,552"
WebsiteContent/Images/553.jpeg,418797,1408,768,553,"websitecontent,images,553"
WebsiteContent/Images/554.jpeg,401112,1408,768,554,"websitecontent,images,554"
WebsiteContent/Images/555.png,2132105,1344,768,555,"websitecontent,images,555"
WebsiteContent/Images/556.jpeg,365773,1408,768,556,"websitecontent,images,556"
WebsiteContent/Images/557.jpeg,465015,1408,768,557,"websitecontent,images,557"
WebsiteContent/Images/558.jpeg,449890,1408,768,558,"websitecontent,images,558"
WebsiteContent/Images/559.jpeg,387953,1408,768,559,"websitecontent,images,559"
WebsiteContent/Images/56.png,1520550,1024,1024,56,"websitecontent,images,56"
WebsiteContent/Images/560.jpeg,345680,1408,768,560,"websitecontent,images,560"
WebsiteContent/Images/561.jpeg,419649,1408,768,561,"websitecontent,images,561"
WebsiteContent/Images/562.jpeg,420873,1408,768,562,"websitecontent,images,562"
WebsiteContent/Images/563.jpeg,441409,1408,768,563,"websitecontent,images,563"
WebsiteContent/Images/564.jpeg,445235,1408,768,564,"websitecontent,images,564"
WebsiteContent/Images/565.png,2440550,1344,768,565,"websitecontent,images,565"
WebsiteContent/Images/566.jpeg,492488,1408,768,566,"websitecontent,images,566"
WebsiteContent/Images/567.jpeg,474585,1408,768,567,"websitecontent,images,567"
WebsiteContent/Images/568.jpeg,593475,1408,768,568,"websitecontent,images,568"
WebsiteContent/Images/569.jpeg,451533,1408,768,569,"websitecontent,images,569"
WebsiteContent/Images/570.jpeg,379511,1408,768,570,"websitecontent,images,570"
WebsiteContent/Images/571.jpeg,431397,1408,768,571,"websitecontent,images,571"
WebsiteContent/Images/572.png,2313153,1344,768,572,"websitecontent,images,572"
WebsiteContent/Images/573.png,2507614,1344,768,573,"websitecontent,images,573"
WebsiteContent/Images/574.png,2407173,1344,768,574,"websitecontent,images,574"
WebsiteContent/Images/575.jpeg,481885,1408,768,575,"websitecontent,images,575"
WebsiteContent/Images/576.png,2135383,1344,768,576,"websitecontent,images,576"
WebsiteContent/Images/577.png,2343494,1344,768,577,"websitecontent,images,577"
WebsiteContent/Images/578.jpeg,464183,1408,768,578,"websitecontent,images,578"
WebsiteContent/Images/579.jpeg,463163,1408,768,579,"websitecontent,images,579"
WebsiteContent/Images/58.png,1962088,1024,1024,58,"websitecontent,images,58"
WebsiteContent/Images/580.jpeg,413658,1408,768,580,"websitecontent,images,580"
WebsiteContent/Images/581.png,2392652,1344,768,581,"websitecontent,images,581"
WebsiteContent/Images/582.jpeg,460571,1408,768,582,"websitecontent,images,582"
WebsiteContent/Images/583.jpeg,470196,1408,768,583,"websitecontent,images,583"
WebsiteContent/Images/584.jpeg,350339,1408,768,584,"websitecontent,images,584"
WebsiteContent/Images/585.jpeg,525103,1408,768,585,"websitecontent,images,585"
WebsiteContent/Images/586.jpeg,382383,1408,768,586,"websitecontent,images,586"
WebsiteContent/Images/587.jpeg,598063,1408,768,587,"websitecontent,images,587"
WebsiteContent/Images/588.png,2232031,1344,768,588,"websitecontent,images,588"
WebsiteContent/Images/589.jpeg,444804,1408,768,589,"websitecontent,images,589"
WebsiteContent/Images/590.jpeg,419959,1408,768,590,"websitecontent,images,590"
WebsiteContent/Images/591.jpeg,365054,1408,768,591,"websitecontent,images,591"
WebsiteContent/Images/592.jpeg,532156,1408,768,592,"websitecontent,images,592"
WebsiteContent/Images/593.png,2019658,1344,768,593,"websitecontent,images,593"
WebsiteContent/Images/594.png,2334641,1344,768,594,"websitecontent,images,594"
WebsiteContent/Images/595.png,2019312,1344,768,595,"websitecontent,images,595"
WebsiteContent/Images/596.jpeg,379866,1408,768,596,"websitecontent,images,596"
WebsiteContent/Images/597.jpeg,433201,1408,768,597,"websitecontent,images,597"
WebsiteContent/Images/598.jpeg,301042,1408,768,598,"websitecontent,images,598"
WebsiteContent/Images/599.jpeg,403450,1408,768,599,"websitecontent,images,599"
WebsiteContent/Images/60.png,1523785,1024,1024,60,"websitecontent,images,60"
WebsiteContent/Images/600.jpeg,453204,1408,768,600,"websitecontent,images,600"
WebsiteContent/Images/601.png,1701026,1344,768,601,"websitecontent,images,601"
WebsiteContent/Images/602.jpeg,160471,1365,768,602,"websitecontent,images,602"
WebsiteContent/Images/603.png,898384,1212,692,603,"websitecontent,images,603"
WebsiteContent/Images/604.jpeg,78487,682,1024,604,"websitecontent,images,604"
WebsiteContent/Images/605.png,2330172,1344,768,605,"websitecontent,images,605"
WebsiteContent/Images/606.jpeg,480977,1408,768,606,"websitecontent,images,606"
WebsiteContent/Images/607.jpeg,433885,1408,768,607,"websitecontent,images,607"
WebsiteContent/Images/608.png,2429833,1344,768,608,"websitecontent,images,608"
WebsiteContent/Images/609.jpeg,451687,1408,768,609,"websitecontent,images,609"
WebsiteContent/Images/61.png,2011765,1024,1024,61,"websitecontent,images,61"
WebsiteContent/Images/610.jpeg,413513,1408,768,610,"websitecontent,images,610"
WebsiteContent/Images/611.png,2413221,1344,768,611,"websitecontent,images,611"
WebsiteContent/Images/612.jpeg,381562,1408,768,612,"websitecontent,images,612"
WebsiteContent/Images/613.jpeg,591631,1408,768,613,"websitecontent,images,613"
WebsiteContent/Images/614.jpeg,474155,1408,768,614,"websitecontent,images,614"
WebsiteContent/Images/615.png,2329688,1344,768,615,"websitecontent,images,615"
WebsiteContent/Images/616.png,2291779,1344,768,616,"websitecontent,images,616"
WebsiteContent/Images/617.jpeg,452641,1408,768,617,"websitecontent,images,617"
WebsiteContent/Images/618.jpeg,405091,1408,768,618,"websitecontent,images,618"
WebsiteContent/Images/619.jpeg,397449,1408,768,619,"websitecontent,images,619"
WebsiteContent/Images/62.png,1281335,1024,1024,62,"websitecontent,images,62"
WebsiteContent/Images/620.jpeg,480387,1408,768,620,"websitecontent,images,620"
WebsiteContent/Images/621.png,2335589,1344,768,621,"websitecontent,images,621"
WebsiteContent/Images/622.jpeg,465372,1408,768,622,"websitecontent,images,622"
WebsiteContent/Images/623.jpeg,397125,1408,768,623,"websitecontent,images,623"
WebsiteContent/Images/624.jpeg,480733,1408,768,624,"websitecontent,images,624"
WebsiteContent/Images/625.jpeg,459970,1408,768,625,"websitecontent,images,625"
WebsiteContent/Images/626.jpeg,406197,1408,768,626,"websitecontent,images,626"
WebsiteContent/Images/627.jpeg,466119,1408,768,627,"websitecontent,images,627"
WebsiteContent/Images/628.jpeg,580281,1408,768,628,"websitecontent,images,628"
WebsiteContent/Images/629.jpeg,456478,1408,768,629,"websitecontent,images,629"
WebsiteContent/Images/63.png,925508,960,960,63,"websitecontent,images,63"
WebsiteContent/Images/630.jpeg,410265,1408,768,630,"websitecontent,images,630"
WebsiteContent/Images/631.jpeg,406237,1408,768,631,"websitecontent,images,631"
WebsiteContent/Images/632.jpeg,462261,1408,768,632,"websitecontent,images,632"
WebsiteContent/Images/633.jpeg,416985,1408,768,633,"websitecontent,images,633"
WebsiteContent/Images/634.jpeg,422668,1408,768,634,"websitecontent,images,634"
WebsiteContent/Images/635.jpeg,609120,1408,768,635,"websitecontent,images,635"
WebsiteContent/Images/636.jpeg,362479,1408,768,636,"websitecontent,images,636"
WebsiteContent/Images/637.png,1086215,1344,768,637,"websitecontent,images,637"
WebsiteContent/Images/638.jpeg,522168,1408,768,638,"websitecontent,images,638"
WebsiteContent/Images/639.png,892554,923,923,639,"websitecontent,images,639"
WebsiteContent/Images/640.jpeg,442040,1408,768,640,"websitecontent,images,640"
WebsiteContent/Images/641.jpeg,288569,1408,768,641,"websitecontent,images,641"
WebsiteContent/Images/642.jpeg,378702,1408,768,642,"websitecontent,images,642"
WebsiteContent/Images/643.png,2497441,1344,768,643,"websitecontent,images,643"
WebsiteContent/Images/644.jpeg,300890,1408,768,644,"websitecontent,images,644"
WebsiteContent/Images/645.jpeg,358420,1408,768,645,"websitecontent,images,645"
WebsiteContent/Images/646.png,2241940,1344,768,646,"websitecontent,images,646"
WebsiteContent/Images/647.jpeg,419076,1408,768,647,"websitecontent,images,647"
WebsiteContent/Images/648.jpeg,531825,1408,768,648,"websitecontent,images,648"
WebsiteContent/Images/649.jpeg,475601,1408,768,649,"websitecontent,images,649"
WebsiteContent/Images/650.jpeg,468193,1408,768,650,"websitecontent,images,650"
WebsiteContent/Images/651.jpeg,386209,1408,768,651,"websitecontent,images,651"
WebsiteContent/Images/652.png,2401138,1344,768,652,"websitecontent,images,652"
WebsiteContent/Images/653.png,934339,1212,692,653,"websitecontent,images,653"
WebsiteContent/Images/654.jpeg,360591,1408,768,654,"websitecontent,images,654"
WebsiteContent/Images/655.png,2172678,1344,768,655,"websitecontent,images,655"
WebsiteContent/Images/656.jpeg,411134,1408,768,656,"websitecontent,images,656"
WebsiteContent/Images/657.jpeg,332720,1408,768,657,"websitecontent,images,657"
WebsiteContent/Images/658.png,2237033,1344,768,658,"websitecontent,images,658"
WebsiteContent/Images/659.jpeg,440924,1408,768,659,"websitecontent,images,659"
WebsiteContent/Images/66.png,1739202,1024,1024,66,"websitecontent,images,66"
WebsiteContent/Images/660.jpeg,490995,1408,768,660,"websitecontent,images,660"
WebsiteContent/Images/661.jpeg,441789,1408,768,661,"websitecontent,images,661"
WebsiteContent/Images/662.jpeg,427401,1408,768,662,"websitecontent,images,662"
WebsiteContent/Images/663.jpeg,316221,1408,768,663,"websitecontent,images,663"
WebsiteContent/Images/664.jpeg,469874,1408,768,664,"websitecontent,images,664"
WebsiteContent/Images/665.jpeg,360397,1408,768,665,"websitecontent,images,665"
WebsiteContent/Images/666.jpeg,404495,1408,768,666,"websitecontent,images,666"
WebsiteContent/Images/667.png,1810244,1344,768,667,"websitecontent,images,667"
WebsiteContent/Images/668.jpeg,448640,1408,768,668,"websitecontent,images,668"
WebsiteContent/Images/669.jpeg,374526,1408,768,669,"websitecontent,images,669"
WebsiteContent/Images/67.png,2185753,1024,1024,67,"websitecontent,images,67"
WebsiteContent/Images/670.jpeg,474187,1408,768,670,"websitecontent,images,670"
WebsiteContent/Images/671.jpeg,379496,1408,768,671,"websitecontent,images,671"
WebsiteContent/Images/672.jpeg,393149,1408,768,672,"websitecontent,images,672"
WebsiteContent/Images/673.jpeg,411381,1408,768,673,"websitecontent,images,673"
WebsiteContent/Images/674.jpeg,412446,1408,768,674,"websitecontent,images,674"
WebsiteContent/Images/675.jpeg,395460,1408,768,675,"websitecontent,images,675"
WebsiteContent/Images/676.jpeg,448625,1408,768,676,"websitecontent,images,676"
WebsiteContent/Images/677.jpeg,450819,1408,768,677,"websitecontent,images,677"
WebsiteContent/Images/678.jpeg,311923,1408,768,678,"websitecontent,images,678"
WebsiteContent/Images/679.jpeg,440466,1408,768,679,"websitecontent,images,679"
WebsiteContent/Images/68.png,2050777,1024,1024,68,"websitecontent,images,68"
WebsiteContent/Images/680.jpeg,610249,1408,768,680,"websitecontent,images,680"
WebsiteContent/Images/681.jpeg,86402,1024,535,681,"websitecontent,images,681"
WebsiteContent/Images/682.png,2476900,1344,768,682,"websitecontent,images,682"
WebsiteContent/Images/683.jpeg,411531,1408,768,683,"websitecontent,images,683"
WebsiteContent/Images/684.jpeg,428059,1408,768,684,"websitecontent,images,684"
WebsiteContent/Images/685.jpeg,553504,1408,768,685,"websitecontent,images,685"
WebsiteContent/Images/686.jpeg,521914,1408,768,686,"websitecontent,images,686"
WebsiteContent/Images/687.png,1251743,1344,768,687,"websitecontent,images,687"
WebsiteContent/Images/688.jpeg,475760,1408,768,688,"websitecontent,images,688"
WebsiteContent/Images/689.jpeg,387696,1408,768,689,"websitecontent,images,689"
WebsiteContent/Images/69.png,1944382,1024,1024,69,"websitecontent,images,69"
WebsiteContent/Images/690.jpeg,431957,1408,768,690,"websitecontent,images,690"
WebsiteContent/Images/691.png,1037182,1270,692,691,"websitecontent,images,691"
WebsiteContent/Images/692.jpeg,406956,1408,768,692,"websitecontent,images,692"
WebsiteContent/Images/693.jpeg,349824,1408,768,693,"websitecontent,images,693"
WebsiteContent/Images/694.png,2282544,1344,768,694,"websitecontent,images,694"
WebsiteContent/Images/695.jpeg,396476,1408,768,695,"websitecontent,images,695"
WebsiteContent/Images/696.jpeg,464372,1408,768,696,"websitecontent,images,696"
WebsiteContent/Images/697.jpeg,450284,1408,768,697,"websitecontent,images,697"
WebsiteContent/Images/698.png,2233850,1344,768,698,"websitecontent,images,698"
WebsiteContent/Images/699.jpeg,521353,1408,768,699,"websitecontent,images,699"
WebsiteContent/Images/7.png,893539,1408,768,7,"websitecontent,images"
WebsiteContent/Images/70.png,1940265,1024,1024,70,"websitecontent,images,70"
WebsiteContent/Images/700.jpeg,537647,1408,768,700,"websitecontent,images,700"
WebsiteContent/Images/701.png,2195108,1344,768,701,"websitecontent,images,701"
WebsiteContent/Images/702.jpeg,523946,1408,768,702,"websitecontent,images,702"
WebsiteContent/Images/703.jpeg,397167,1408,768,703,"websitecontent,images,703"
WebsiteContent/Images/704.png,1147830,1344,768,704,"websitecontent,images,704"
WebsiteContent/Images/705.jpeg,508224,1408,768,705,"websitecontent,images,705"
WebsiteContent/Images/706.png,2431321,1344,768,706,"websitecontent,images,706"
WebsiteContent/Images/707.jpeg,330827,1408,768,707,"websitecontent,images,707"
WebsiteContent/Images/708.png,1170861,1344,768,708,"websitecontent,images,708"
WebsiteContent/Images/709.png,944105,1732,1141,709,"websitecontent,images,709"
WebsiteContent/Images/71.png,1209857,1024,1024,71,"websitecontent,images,71"
WebsiteContent/Images/710.jpeg,488012,1408,768,710,"websitecontent,images,710"
WebsiteContent/Images/711.jpeg,417597,1408,768,711,"websitecontent,images,711"
WebsiteContent/Images/712.png,659879,1280,704,712,"websitecontent,images,712"
WebsiteContent/Images/713.jpeg,337139,1408,768,713,"websitecontent,images,713"
WebsiteContent/Images/714.jpeg,524148,1408,768,714,"websitecontent,images,714"
WebsiteContent/Images/715.jpeg,430324,1408,768,715,"websitecontent,images,715"
WebsiteContent/Images/716.jpeg,404256,1408,768,716,"websitecontent,images,716"
WebsiteContent/Images/717.jpeg,491227,1408,768,717,"websitecontent,images,717"
WebsiteContent/Images/718.jpeg,550502,1408,768,718,"websitecontent,images,718"
WebsiteContent/Images/719.jpeg,649108,1408,768,719,"websitecontent,images,719"
WebsiteContent/Images/72.png,838736,1024,1024,72,"websitecontent,images,72"
WebsiteContent/Images/720.jpeg,500378,1408,768,720,"websitecontent,images,720"
WebsiteContent/Images/721.jpeg,405149,1408,768,721,"websitecontent,images,721"
WebsiteContent/Images/722.jpeg,367479,1408,768,722,"websitecontent,images,722"
WebsiteContent/Images/723.png,1809088,1344,768,723,"websitecontent,images,723"
WebsiteContent/Images/724.jpeg,446231,1408,768,724,"websitecontent,images,724"
WebsiteContent/Images/725.jpeg,445561,1408,768,725,"websitecontent,images,725"
WebsiteContent/Images/726.jpeg,309257,1408,768,726,"websitecontent,images,726"
WebsiteContent/Images/727.jpeg,392716,1408,768,727,"websitecontent,images,727"
WebsiteContent/Images/728.png,2328788,1344,768,728,"websitecontent,images,728"
WebsiteContent/Images/729.png,2425066,1344,768,729,"websitecontent,images,729"
WebsiteContent/Images/73.png,951705,1024,1024,73,"websitecontent,images,73"
WebsiteContent/Images/730.png,2382203,1344,768,730,"websitecontent,images,730"
WebsiteContent/Images/731.jpeg,280964,1408,768,731,"websitecontent,images,731"
WebsiteContent/Images/732.jpeg,406389,1408,768,732,"websitecontent,images,732"
WebsiteContent/Images/733.jpeg,450735,1408,768,733,"websitecontent,images,733"
WebsiteContent/Images/734.jpeg,474247,1408,768,734,"websitecontent,images,734"
WebsiteContent/Images/735.jpeg,392085,1408,768,735,"websitecontent,images,735"
WebsiteContent/Images/736.jpeg,482417,1408,768,736,"websitecontent,images,736"
WebsiteContent/Images/737.jpeg,534627,1408,768,737,"websitecontent,images,737"
WebsiteContent/Images/738.jpeg,420741,1408,768,738,"websitecontent,images,738"
WebsiteContent/Images/739.jpeg,409888,1408,768,739,"websitecontent,images,739"
WebsiteContent/Images/74.png,1817646,1024,1024,74,"websitecontent,images,74"
WebsiteContent/Images/740.jpeg,386398,1408,768,740,"websitecontent,images,740"
WebsiteContent/Images/741.png,2227497,1344,768,741,"websitecontent,images,741"
WebsiteContent/Images/742.png,2423771,1344,768,742,"websitecontent,images,742"
WebsiteContent/Images/743.jpeg,483949,1408,768,743,"websitecontent,images,743"
WebsiteContent/Images/744.jpeg,417360,1408,768,744,"websitecontent,images,744"
WebsiteContent/Images/745.jpeg,535996,1408,768,745,"websitecontent,images,745"
WebsiteContent/Images/746.jpeg,445111,1408,768,746,"websitecontent,images,746"
WebsiteContent/Images/747.jpeg,504988,1408,768,747,"websitecontent,images,747"
WebsiteContent/Images/748.jpeg,457154,1408,768,748,"websitecontent,images,748"
WebsiteContent/Images/749.jpeg,345926,1408,768,749,"websitecontent,images,749"
WebsiteContent/Images/75.png,1404524,1024,1024,75,"websitecontent,images,75"
WebsiteContent/Images/750.jpeg,415848,1408,768,750,"websitecontent,images,750"
WebsiteContent/Images/751.png,2470932,1344,768,751,"websitecontent,images,751"
WebsiteContent/Images/752.jpeg,388261,1408,768,752,"websitecontent,images,752"
WebsiteContent/Images/753.jpeg,559572,1408,768,753,"websitecontent,images,753"
WebsiteContent/Images/754.jpeg,420437,1408,768,754,"websitecontent,images,754"
WebsiteContent/Images/755.jpeg,416564,1408,768,755,"websitecontent,images,755"
WebsiteContent/Images/756.jpeg,478022,1408,768,756,"websitecontent,images,756"
WebsiteContent/Images/757.jpeg,448784,1408,768,757,"websitecontent,images,757"
WebsiteContent/Images/758.jpeg,340173,1408,768,758,"websitecontent,images,758"
WebsiteContent/Images/759.jpeg,372306,1408,768,759,"websitecontent,images,759"
WebsiteContent/Images/76.png,2139313,1024,1024,76,"websitecontent,images,76"
WebsiteContent/Images/760.jpeg,446063,1408,768,760,"websitecontent,images,760"
WebsiteContent/Images/761.jpeg,323018,1408,768,761,"websitecontent,images,761"
WebsiteContent/Images/762.jpeg,478303,1408,768,762,"websitecontent,images,762"
WebsiteContent/Images/763.jpeg,445741,1408,768,763,"websitecontent,images,763"
WebsiteContent/Images/764.jpeg,473319,1408,768,764,"websitecontent,images,764"
WebsiteContent/Images/765.jpeg,419356,1408,768,765,"websitecontent,images,765"
WebsiteContent/Images/766.jpeg,474165,1408,768,766,"websitecontent,images,766"
WebsiteContent/Images/767.jpeg,459815,1408,768,767,"websitecontent,images,767"
WebsiteContent/Images/768.jpeg,415347,1408,768,768,"websitecontent,images,768"
WebsiteContent/Images/769.jpeg,587279,1408,768,769,"websitecontent,images,769"
WebsiteContent/Images/77.png,1446788,1024,1024,77,"websitecontent,images,77"
WebsiteContent/Images/770.jpeg,366450,1408,768,770,"websitecontent,images,770"
WebsiteContent/Images/771.png,2364223,1344,768,771,"websitecontent,images,771"
WebsiteContent/Images/772.jpeg,511091,1408,768,772,"websitecontent,images,772"
WebsiteContent/Images/773.jpeg,298202,1408,768,773,"websitecontent,images,773"
WebsiteContent/Images/774.jpeg,506118,1408,768,774,"websitecontent,images,774"
WebsiteContent/Images/775.jpeg,414084,1408,768,775,"websitecontent,images,775"
WebsiteContent/Images/776.jpeg,449164,1408,768,776,"websitecontent,images,776"
WebsiteContent/Images/777.jpeg,444222,1408,768,777,"websitecontent,images,777"
WebsiteContent/Images/778.jpeg,447211,1408,768,778,"websitecontent,images,778"
WebsiteContent/Images/779.jpeg,310231,1408,768,779,"websitecontent,images,779"
WebsiteContent/Images/78.png,1869663,1024,1024,78,"websitecontent,images,78"
WebsiteContent/Images/780.jpeg,397533,1408,768,780,"websitecontent,images,780"
WebsiteContent/Images/781.jpeg,380168,1408,768,781,"websitecontent,images,781"
WebsiteContent/Images/782.jpeg,433955,1408,768,782,"websitecontent,images,782"
WebsiteContent/Images/783.jpeg,375042,1408,768,783,"websitecontent,images,783"
WebsiteContent/Images/784.png,2227850,1344,768,784,"websitecontent,images,784"
WebsiteContent/Images/785.jpeg,675174,1408,768,785,"websitecontent,images,785"
WebsiteContent/Images/786.png,2223367,1344,768,786,"websitecontent,images,786"
WebsiteContent/Images/787.jpeg,369622,1408,768,787,"websitecontent,images,787"
WebsiteContent/Images/788.jpeg,355953,1408,768,788,"websitecontent,images,788"
WebsiteContent/Images/789.jpeg,457242,1408,768,789,"websitecontent,images,789"
WebsiteContent/Images/79.png,1592734,1024,1024,79,"websitecontent,images,79"
WebsiteContent/Images/790.jpeg,381683,1408,768,790,"websitecontent,images,790"
WebsiteContent/Images/791.png,2112267,1344,768,791,"websitecontent,images,791"
WebsiteContent/Images/792.jpeg,363587,1408,768,792,"websitecontent,images,792"
WebsiteContent/Images/793.jpeg,411413,1408,768,793,"websitecontent,images,793"
WebsiteContent/Images/794.png,2230633,1344,768,794,"websitecontent,images,794"
WebsiteContent/Images/795.jpeg,526044,1408,768,795,"websitecontent,images,795"
WebsiteContent/Images/796.jpeg,375587,1408,768,796,"websitecontent,images,796"
WebsiteContent/Images/797.jpeg,402179,1408,768,797,"websitecontent,images,797"
WebsiteContent/Images/798.jpeg,338296,1408,768,798,"websitecontent,images,798"
WebsiteContent/Images/799.jpeg,395896,1408,768,799,"websitecontent,images,799"
WebsiteContent/Images/8.png,995700,1212,692,8,"websitecontent,images"
WebsiteContent/Images/80.png,1466835,1024,1024,80,"websitecontent,images,80"
WebsiteContent/Images/800.jpeg,379946,1408,768,800,"websitecontent,images,800"
WebsiteContent/Images/801.jpeg,479221,1408,768,801,"websitecontent,images,801"
WebsiteContent/Images/802.jpeg,309630,1408,768,802,"websitecontent,images,802"
WebsiteContent/Images/803.jpeg,449091,1408,768,803,"websitecontent,images,803"
WebsiteContent/Images/804.jpeg,400233,1408,768,804,"websitecontent,images,804"
WebsiteContent/Images/805.jpeg,478182,1408,768,805,"websitecontent,images,805"
WebsiteContent/Images/806.jpeg,382351,1408,768,806,"websitecontent,images,806"
WebsiteContent/Images/807.jpeg,496088,1408,768,807,"websitecontent,images,807"
WebsiteContent/Images/808.jpeg,445586,1408,768,808,"websitecontent,images,808"
WebsiteContent/Images/809.jpeg,434054,1408,768,809,"websitecontent,images,809"
WebsiteContent/Images/81.png,1820830,1024,1024,81,"websitecontent,images,81"
WebsiteContent/Images/810.jpeg,395627,1408,768,810,"websitecontent,images,810"
WebsiteContent/Images/811.jpeg,370109,1408,768,811,"websitecontent,images,811"
WebsiteContent/Images/812.png,2237414,1344,768,812,"websitecontent,images,812"
WebsiteContent/Images/813.jpeg,432673,1408,768,813,"websitecontent,images,813"
WebsiteContent/Images/814.jpeg,365216,1408,768,814,"websitecontent,images,814"
WebsiteContent/Images/815.jpeg,378142,1408,768,815,"websitecontent,images,815"
WebsiteContent/Images/816.jpeg,450690,1408,768,816,"websitecontent,images,816"
WebsiteContent/Images/817.png,2349549,1344,768,817,"websitecontent,images,817"
WebsiteContent/Images/818.jpeg,469326,1408,768,818,"websitecontent,images,818"
WebsiteContent/Images/819.jpeg,577956,1408,768,819,"websitecontent,images,819"
WebsiteContent/Images/82.png,1970018,1024,1024,82,"websitecontent,images,82"
WebsiteContent/Images/820.jpeg,335334,1408,768,820,"websitecontent,images,820"
WebsiteContent/Images/821.jpeg,402388,1408,768,821,"websitecontent,images,821"
WebsiteContent/Images/822.jpeg,463387,1408,768,822,"websitecontent,images,822"
WebsiteContent/Images/823.jpeg,472323,1408,768,823,"websitecontent,images,823"
WebsiteContent/Images/824.jpeg,298339,1408,768,824,"websitecontent,images,824"
WebsiteContent/Images/825.jpeg,473948,1408,768,825,"websitecontent,images,825"
WebsiteContent/Images/826.jpeg,472074,1408,768,826,"websitecontent,images,826"
WebsiteContent/Images/827.jpeg,484313,1408,768,827,"websitecontent,images,827"
WebsiteContent/Images/828.jpeg,397661,1408,768,828,"websitecontent,images,828"
WebsiteContent/Images/829.jpeg,359983,1408,768,829,"websitecontent,images,829"
WebsiteContent/Images/83.png,1151503,768,1024,83,"websitecontent,images,83"
WebsiteContent/Images/830.jpeg,307863,1408,768,830,"websitecontent,images,830"
WebsiteContent/Images/831.jpeg,378454,1408,768,831,"websitecontent,images,831"
WebsiteContent/Images/832.jpeg,383584,1408,768,832,"websitecontent,images,832"
WebsiteContent/Images/833.jpeg,367200,1408,768,833,"websitecontent,images,833"
WebsiteContent/Images/834.jpeg,474449,1408,768,834,"websitecontent,images,834"
WebsiteContent/Images/835.png,2372306,1344,768,835,"websitecontent,images,835"
WebsiteContent/Images/836.jpeg,416559,1408,768,836,"websitecontent,images,836"
WebsiteContent/Images/837.png,2280275,1344,768,837,"websitecontent,images,837"
WebsiteContent/Images/838.png,1809088,1344,768,838,"websitecontent,images,838"
WebsiteContent/Images/839.jpeg,463217,1408,768,839,"websitecontent,images,839"
WebsiteContent/Images/84.png,2049366,1024,1024,84,"websitecontent,images,84"
WebsiteContent/Images/840.jpeg,408000,1408,768,840,"websitecontent,images,840"
WebsiteContent/Images/841.jpeg,456714,1408,768,841,"websitecontent,images,841"
WebsiteContent/Images/842.jpeg,466794,1408,768,842,"websitecontent,images,842"
WebsiteContent/Images/843.jpeg,159796,1408,768,843,"websitecontent,images,843"
WebsiteContent/Images/844.jpeg,334204,1408,768,844,"websitecontent,images,844"
WebsiteContent/Images/845.jpeg,375524,1408,768,845,"websitecontent,images,845"
WebsiteContent/Images/846.png,2375747,1344,768,846,"websitecontent,images,846"
WebsiteContent/Images/847.jpeg,335252,1408,768,847,"websitecontent,images,847"
WebsiteContent/Images/848.jpeg,549421,1408,768,848,"websitecontent,images,848"
WebsiteContent/Images/849.png,2597048,1344,768,849,"websitecontent,images,849"
WebsiteContent/Images/85.png,1806316,1024,1024,85,"websitecontent,images,85"
WebsiteContent/Images/850.jpeg,425859,1408,768,850,"websitecontent,images,850"
WebsiteContent/Images/851.jpeg,356964,1408,768,851,"websitecontent,images,851"
WebsiteContent/Images/852.jpeg,558513,1408,768,852,"websitecontent,images,852"
WebsiteContent/Images/853.jpeg,470538,1408,768,853,"websitecontent,images,853"
WebsiteContent/Images/854.jpeg,546608,1408,768,854,"websitecontent,images,854"
WebsiteContent/Images/855.jpeg,377620,1408,768,855,"websitecontent,images,855"
WebsiteContent/Images/856.jpeg,86402,1024,535,856,"websitecontent,images,856"
WebsiteContent/Images/857.jpeg,369496,1408,768,857,"websitecontent,images,857"
WebsiteContent/Images/858.jpeg,556318,1408,768,858,"websitecontent,images,858"
WebsiteContent/Images/859.jpeg,443447,1408,768,859,"websitecontent,images,859"
WebsiteContent/Images/86.png,983950,1024,704,86,"websitecontent,images,86"
WebsiteContent/Images/860.jpeg,468017,1408,768,860,"websitecontent,images,860"
WebsiteContent/Images/861.jpeg,449026,1408,768,861,"websitecontent,images,861"
WebsiteContent/Images/862.jpeg,421691,1408,768,862,"websitecontent,images,862"
WebsiteContent/Images/863.png,2511555,1344,768,863,"websitecontent,images,863"
WebsiteContent/Images/864.jpeg,510883,1408,768,864,"websitecontent,images,864"
WebsiteContent/Images/865.jpeg,511479,1408,768,865,"websitecontent,images,865"
WebsiteContent/Images/866.jpeg,473288,1408,768,866,"websitecontent,images,866"
WebsiteContent/Images/867.jpeg,601464,1408,768,867,"websitecontent,images,867"
WebsiteContent/Images/868.png,2426680,1344,768,868,"websitecontent,images,868"
WebsiteContent/Images/869.jpeg,518906,1408,768,869,"websitecontent,images,869"
WebsiteContent/Images/870.jpeg,495993,1408,768,870,"websitecontent,images,870"
WebsiteContent/Images/871.png,1109549,1344,768,871,"websitecontent,images,871"
WebsiteContent/Images/872.jpeg,396806,1408,768,872,"websitecontent,images,872"
WebsiteContent/Images/873.jpeg,430284,1408,768,873,"websitecontent,images,873"
WebsiteContent/Images/874.jpeg,388529,1408,768,874,"websitecontent,images,874"
WebsiteContent/Images/875.jpeg,616953,1408,768,875,"websitecontent,images,875"
WebsiteContent/Images/876.jpeg,410411,1408,768,876,"websitecontent,images,876"
WebsiteContent/Images/877.jpeg,508964,1408,768,877,"websitecontent,images,877"
WebsiteContent/Images/878.jpeg,285905,1408,768,878,"websitecontent,images,878"
WebsiteContent/Images/879.jpeg,415370,1408,768,879,"websitecontent,images,879"
WebsiteContent/Images/88.png,1854101,1024,1024,88,"websitecontent,images,88"
WebsiteContent/Images/880.jpeg,369586,1408,768,880,"websitecontent,images,880"
WebsiteContent/Images/881.jpeg,403747,1408,768,881,"websitecontent,images,881"
WebsiteContent/Images/882.jpeg,113682,1408,768,882,"websitecontent,images,882"
WebsiteContent/Images/883.jpeg,436630,1408,768,883,"websitecontent,images,883"
WebsiteContent/Images/884.jpeg,308007,1408,768,884,"websitecontent,images,884"
WebsiteContent/Images/885.jpeg,470827,1408,768,885,"websitecontent,images,885"
WebsiteContent/Images/886.jpeg,334308,1408,768,886,"websitecontent,images,886"
WebsiteContent/Images/887.jpeg,423569,1408,768,887,"websitecontent,images,887"
WebsiteContent/Images/888.png,2470932,1344,768,888,"websitecontent,images,888"
WebsiteContent/Images/889.jpeg,458990,1408,768,889,"websitecontent,images,889"
WebsiteContent/Images/89.png,1990860,1024,1024,89,"websitecontent,images,89"
WebsiteContent/Images/890.jpeg,354332,1408,768,890,"websitecontent,images,890"
WebsiteContent/Images/891.jpeg,464769,1408,768,891,"websitecontent,images,891"
WebsiteContent/Images/892.jpeg,464362,1408,768,892,"websitecontent,images,892"
WebsiteContent/Images/893.jpeg,401497,1408,768,893,"websitecontent,images,893"
WebsiteContent/Images/894.jpeg,431121,1408,768,894,"websitecontent,images,894"
WebsiteContent/Images/895.jpeg,394241,1408,768,895,"websitecontent,images,895"
WebsiteContent/Images/896.png,2528083,1344,768,896,"websitecontent,images,896"
WebsiteContent/Images/897.jpeg,375653,1408,768,897,"websitecontent,images,897"
WebsiteContent/Images/898.jpeg,444192,1408,768,898,"websitecontent,images,898"
WebsiteContent/Images/899.jpeg,462617,1408,768,899,"websitecontent,images,899"
WebsiteContent/Images/9.png,1350809,1408,768,9,"websitecontent,images"
WebsiteContent/Images/90.png,2091938,1024,1024,90,"websitecontent,images,90"
WebsiteContent/Images/900.png,1198720,1344,768,900,"websitecontent,images,900"
WebsiteContent/Images/901.png,1106178,1344,768,901,"websitecontent,images,901"
WebsiteContent/Images/902.jpeg,465893,1408,768,902,"websitecontent,images,902"
WebsiteContent/Images/903.jpeg,422802,1408,768,903,"websitecontent,images,903"
WebsiteContent/Images/904.jpeg,432552,1408,768,904,"websitecontent,images,904"
WebsiteContent/Images/905.jpeg,502706,1408,768,905,"websitecontent,images,905"
WebsiteContent/Images/906.jpeg,334145,1408,768,906,"websitecontent,images,906"
WebsiteContent/Images/907.jpeg,449717,1408,768,907,"websitecontent,images,907"
WebsiteContent/Images/908.jpeg,463772,1408,768,908,"websitecontent,images,908"
WebsiteContent/Images/909.png,2343600,1344,768,909,"websitecontent,images,909"
WebsiteContent/Images/91.png,2035220,1024,1024,91,"websitecontent,images,91"
WebsiteContent/Images/910.jpeg,507519,1408,768,910,"websitecontent,images,910"
WebsiteContent/Images/911.jpeg,463799,1408,768,911,"websitecontent,images,911"
WebsiteContent/Images/912.jpeg,421089,1408,768,912,"websitecontent,images,912"
WebsiteContent/Images/913.jpeg,380105,1408,768,913,"websitecontent,images,913"
WebsiteContent/Images/914.jpeg,434971,1408,768,914,"websitecontent,images,914"
WebsiteContent/Images/915.jpeg,400089,1408,768,915,"websitecontent,images,915"
WebsiteContent/Images/916.jpeg,481524,1408,768,916,"websitecontent,images,916"
WebsiteContent/Images/917.png,2331391,1344,768,917,"websitecontent,images,917"
WebsiteContent/Images/918.jpeg,375701,1408,768,918,"websitecontent,images,918"
WebsiteContent/Images/919.jpeg,396947,1408,768,919,"websitecontent,images,919"
WebsiteContent/Images/92.png,1876103,1024,1024,92,"websitecontent,images,92"
WebsiteContent/Images/920.jpeg,321019,1408,768,920,"websitecontent,images,920"
WebsiteContent/Images/921.jpeg,425957,1408,768,921,"websitecontent,images,921"
WebsiteContent/Images/922.jpeg,416054,1408,768,922,"websitecontent,images,922"
WebsiteContent/Images/923.jpeg,479787,1408,768,923,"websitecontent,images,923"
WebsiteContent/Images/924.jpeg,419335,1408,768,924,"websitecontent,images,924"
WebsiteContent/Images/925.jpeg,342423,1408,768,925,"websitecontent,images,925"
WebsiteContent/Images/926.jpeg,543997,1408,768,926,"websitecontent,images,926"
WebsiteContent/Images/927.jpeg,309042,1408,768,927,"websitecontent,images,927"
WebsiteContent/Images/928.jpeg,415875,1408,768,928,"websitecontent,images,928"
WebsiteContent/Images/929.jpeg,480312,1408,768,929,"websitecontent,images,929"
WebsiteContent/Images/93.png,2006991,1024,1024,93,"websitecontent,images,93"
WebsiteContent/Images/930.jpeg,366365,1408,768,930,"websitecontent,images,930"
WebsiteContent/Images/931.png,2408888,1344,768,931,"websitecontent,images,931"
WebsiteContent/Images/932.jpeg,513672,1408,768,932,"websitecontent,images,932"
WebsiteContent/Images/933.jpeg,336039,1408,768,933,"websitecontent,images,933"
WebsiteContent/Images/934.png,2267830,1344,768,934,"websitecontent,images,934"
WebsiteContent/Images/935.jpeg,388173,1408,768,935,"websitecontent,images,935"
WebsiteContent/Images/936.jpeg,405972,1408,768,936,"websitecontent,images,936"
WebsiteContent/Images/937.jpeg,539949,1408,768,937,"websitecontent,images,937"
WebsiteContent/Images/938.jpeg,404212,1408,768,938,"websitecontent,images,938"
WebsiteContent/Images/939.jpeg,397007,1408,768,939,"websitecontent,images,939"
WebsiteContent/Images/94.png,2030011,1024,1024,94,"websitecontent,images,94"
WebsiteContent/Images/940.jpeg,410332,1408,768,940,"websitecontent,images,940"
WebsiteContent/Images/941.jpeg,409910,1408,768,941,"websitecontent,images,941"
WebsiteContent/Images/942.jpeg,547289,1408,768,942,"websitecontent,images,942"
WebsiteContent/Images/943.jpeg,484593,1408,768,943,"websitecontent,images,943"
WebsiteContent/Images/944.png,2504749,1344,768,944,"websitecontent,images,944"
WebsiteContent/Images/945.png,2316063,1344,768,945,"websitecontent,images,945"
WebsiteContent/Images/946.png,2307427,1344,768,946,"websitecontent,images,946"
WebsiteContent/Images/947.jpeg,402282,1408,768,947,"websitecontent,images,947"
WebsiteContent/Images/948.jpeg,431129,1408,768,948,"websitecontent,images,948"
WebsiteContent/Images/949.jpeg,368657,1408,768,949,"websitecontent,images,949"
WebsiteContent/Images/95.png,2248674,1024,1024,95,"websitecontent,images,95"
WebsiteContent/Images/950.jpeg,448126,1408,768,950,"websitecontent,images,950"
WebsiteContent/Images/951.png,2528826,1344,768,951,"websitecontent,images,951"
WebsiteContent/Images/952.jpeg,464614,1408,768,952,"websitecontent,images,952"
WebsiteContent/Images/953.jpeg,398683,1408,768,953,"websitecontent,images,953"
WebsiteContent/Images/954.jpeg,501887,1408,768,954,"websitecontent,images,954"
WebsiteContent/Images/955.jpeg,483499,1408,768,955,"websitecontent,images,955"
WebsiteContent/Images/956.jpeg,471739,1408,768,956,"websitecontent,images,956"
WebsiteContent/Images/957.jpeg,441695,1408,768,957,"websitecontent,images,957"
WebsiteContent/Images/958.jpeg,405997,1408,768,958,"websitecontent,images,958"
WebsiteContent/Images/959.jpeg,327722,1408,768,959,"websitecontent,images,959"
WebsiteContent/Images/96.png,1927569,1024,1024,96,"websitecontent,images,96"
WebsiteContent/Images/960.jpeg,375170,1408,768,960,"websitecontent,images,960"
WebsiteContent/Images/961.jpeg,418398,1408,768,961,"websitecontent,images,961"
WebsiteContent/Images/962.jpeg,373274,1408,768,962,"websitecontent,images,962"
WebsiteContent/Images/963.jpeg,408928,1408,768,963,"websitecontent,images,963"
WebsiteContent/Images/964.jpeg,431329,1408,768,964,"websitecontent,images,964"
WebsiteContent/Images/965.png,2374792,1344,768,965,"websitecontent,images,965"
WebsiteContent/Images/966.jpeg,474007,1408,768,966,"websitecontent,images,966"
WebsiteContent/Images/967.jpeg,349073,1408,768,967,"websitecontent,images,967"
WebsiteContent/Images/968.png,2277956,1344,768,968,"websitecontent,images,968"
WebsiteContent/Images/969.jpeg,372547,1408,768,969,"websitecontent,images,969"
WebsiteContent/Images/97.png,2314984,1024,1024,97,"websitecontent,images,97"
WebsiteContent/Images/970.jpeg,443654,1408,768,970,"websitecontent,images,970"
WebsiteContent/Images/971.jpeg,510759,1408,768,971,"websitecontent,images,971"
WebsiteContent/Images/972.jpeg,466357,1408,768,972,"websitecontent,images,972"
WebsiteContent/Images/973.jpeg,464237,1408,768,973,"websitecontent,images,973"
WebsiteContent/Images/974.png,2482409,1344,768,974,"websitecontent,images,974"
WebsiteContent/Images/975.png,2361054,1344,768,975,"websitecontent,images,975"
WebsiteContent/Images/976.jpeg,541789,1408,768,976,"websitecontent,images,976"
WebsiteContent/Images/977.jpeg,487152,1408,768,977,"websitecontent,images,977"
WebsiteContent/Images/978.jpeg,473010,1408,768,978,"websitecontent,images,978"
WebsiteContent/Images/979.jpeg,630055,1408,768,979,"websitecontent,images,979"
WebsiteContent/Images/98.png,1579025,1024,1024,98,"websitecontent,images,98"
WebsiteContent/Images/980.jpeg,446000,1408,768,980,"websitecontent,images,980"
WebsiteContent/Images/981.jpeg,371527,1408,768,981,"websitecontent,images,981"
WebsiteContent/Images/982.png,919191,1562,787,982,"websitecontent,images,982"
WebsiteContent/Images/983.jpeg,456704,1408,768,983,"websitecontent,images,983"
WebsiteContent/Images/984.jpeg,436344,1408,768,984,"websitecontent,images,984"
WebsiteContent/Images/985.jpeg,369977,1408,768,985,"websitecontent,images,985"
WebsiteContent/Images/986.jpeg,556262,1408,768,986,"websitecontent,images,986"
WebsiteContent/Images/987.png,1826032,1344,768,987,"websitecontent,images,987"
WebsiteContent/Images/988.png,2556404,1344,768,988,"websitecontent,images,988"
WebsiteContent/Images/989.jpeg,552102,1408,768,989,"websitecontent,images,989"
WebsiteContent/Images/99.png,1705599,1024,1024,99,"websitecontent,images,99"
WebsiteContent/Images/990.png,2187227,1344,768,990,"websitecontent,images,990"
WebsiteContent/Images/991.jpeg,477049,1408,768,991,"websitecontent,images,991"
WebsiteContent/Images/992.jpeg,416275,1408,768,992,"websitecontent,images,992"
WebsiteContent/Images/993.jpeg,298697,1408,768,993,"websitecontent,images,993"
WebsiteContent/Images/994.png,1206542,1344,768,994,"websitecontent,images,994"
WebsiteContent/Images/995.jpeg,466045,1408,768,995,"websitecontent,images,995"
WebsiteContent/Images/996.png,1937292,1344,768,996,"websitecontent,images,996"
WebsiteContent/Images/997.jpeg,419256,1408,768,997,"websitecontent,images,997"
WebsiteContent/Images/998.jpeg,335378,1408,768,998,"websitecontent,images,998"
WebsiteContent/Images/999.png,2380543,1344,768,999,"websitecontent,images,999"
WebsiteContent/Images/AI_Art/ComfyUI_00312_.png,1579205,1024,1024,Comfyui 00312,"websitecontent,images,ai_art,comfyui,00312"
WebsiteContent/Images/AI_Art/ComfyUI_00315_.png,1199273,1024,1024,Comfyui 00315,"websitecontent,images,ai_art,comfyui,00315"
WebsiteContent/Images/AI_Art/ComfyUI_00318_.png,1368987,1024,1024,Comfyui 00318,"websitecontent,images,ai_art,comfyui,00318"
WebsiteContent/Images/AI_Art/ComfyUI_00320_.png,1392655,1024,1024,Comfyui 00320,"websitecontent,images,ai_art,comfyui,00320"
WebsiteContent/Images/AI_Art/ComfyUI_00323_.png,1449382,1024,1024,Comfyui 00323,"websitecontent,images,ai_art,comfyui,00323"
WebsiteContent/Images/AI_Art/ComfyUI_00326_.png,1199103,1024,1024,Comfyui 00326,"websitecontent,images,ai_art,comfyui,00326"
WebsiteContent/Images/AI_Art/ComfyUI_00327_.png,1309125,1024,1024,Comfyui 00327,"websitecontent,images,ai_art,comfyui,00327"
WebsiteContent/Images/AI_Art/ComfyUI_00330_.png,1004182,960,816,Comfyui 00330,"websitecontent,images,ai_art,comfyui,00330"
WebsiteContent/Images/AI_Art/ComfyUI_00331_.png,1047599,960,816,Comfyui 00331,"websitecontent,images,ai_art,comfyui,00331"
WebsiteContent/Images/AI_Art/ComfyUI_00332_.png,796933,960,816,Comfyui 00332,"websitecontent,images,ai_art,comfyui,00332"
WebsiteContent/Images/AI_Art/ComfyUI_00333_.png,999867,960,816,Comfyui 00333,"websitecontent,images,ai_art,comfyui,00333"
WebsiteContent/Images/AI_Art/ComfyUI_00336_.png,961652,960,816,Comfyui 00336,"websitecontent,images,ai_art,comfyui,00336"
WebsiteContent/Images/AI_Art/ComfyUI_00337_.png,940502,960,816,Comfyui 00337,"websitecontent,images,ai_art,comfyui,00337"
WebsiteContent/Images/AI_Art/ComfyUI_00342_.png,899097,960,816,Comfyui 00342,"websitecontent,images,ai_art,comfyui,00342"
WebsiteContent/Images/AI_Art/Gemini_Generated_Image_3dmuvf3dmuvf3dmu.png,584210,1344,768,Gemini Generated Image 3Dmuvf3Dmuvf3Dmu,"websitecontent,images,ai_art,gemini,generated,image,3dmuvf3dmuvf3dmu"
WebsiteContent/Images/AI_Art/Gemini_Generated_Image_53njso53njso53nj.png,1059465,832,1248,Gemini Generated Image 53Njso53Njso53Nj,"websitecontent,images,ai_art,gemini,generated,image,53njso53njso53nj"
WebsiteContent/Images/AI_Art/Gemini_Generated_Image_du7hsudu7hsudu7h.png,5230687,2752,1536,Gemini Generated Image Du7Hsudu7Hsudu7H,"websitecontent,images,ai_art,gemini,generated,image,du7hsudu7hsudu7h"
WebsiteContent/Images/AI_Art/Gemini_Generated_Image_fdrv6pfdrv6pfdrv.png,882563,2048,512,Gemini Generated Image Fdrv6Pfdrv6Pfdrv,"websitecontent,images,ai_art,gemini,generated,image,fdrv6pfdrv6pfdrv"
WebsiteContent/Images/AI_Art/Gemini_Generated_Image_lml75lml75lml75l.png,1081909,2048,512,Gemini Generated Image Lml75Lml75Lml75L,"websitecontent,images,ai_art,gemini,generated,image,lml75lml75lml75l"
WebsiteContent/Images/AI_Art/Whisk_66db2415c40ebb2b0da425c05933ea66dr.jpeg,171405,1365,768,Whisk 66Db2415C40Ebb2B0Da425C05933Ea66Dr,"websitecontent,images,ai_art,whisk,66db2415c40ebb2b0da425c05933ea66dr"
WebsiteContent/Images/AI_Art/Whisk_89f1de489c3a3a4a4d040c8b5112f251dr.jpeg,189223,1365,768,Whisk 89F1De489C3A3A4A4D040C8B5112F251Dr,"websitecontent,images,ai_art,whisk,89f1de489c3a3a4a4d040c8b5112f251dr"
WebsiteContent/Images/AI_Art/Whisk_ae9ae53f387a305b56849241e0f23f39dr.jpeg,174308,1365,768,Whisk Ae9Ae53F387A305B56849241E0F23F39Dr,"websitecontent,images,ai_art,whisk,ae9ae53f387a305b56849241e0f23f39dr"
WebsiteContent/Images/AI_Art/Whisk_b19f0b29977b12eb161499832e55dd0bdr.jpeg,207344,1365,768,Whisk B19F0B29977B12Eb161499832E55Dd0Bdr,"websitecontent,images,ai_art,whisk,b19f0b29977b12eb161499832e55dd0bdr"
WebsiteContent/Images/AI_Art/Whisk_b27d2d3976fca229de34a53eb00191c9dr.jpeg,217206,1365,768,Whisk B27D2D3976Fca229De34A53Eb00191C9Dr,"websitecontent,images,ai_art,whisk,b27d2d3976fca229de34a53eb00191c9dr"
WebsiteContent/Images/AI_Art/Whisk_b54a1eeade05ae1a78f4b448cd3cb027dr.jpeg,186592,1365,768,Whisk B54A1Eeade05Ae1A78F4B448Cd3Cb027Dr,"websitecontent,images,ai_art,whisk,b54a1eeade05ae1a78f4b448cd3cb027dr"
WebsiteContent/Images/AI_Art/Whisk_b9d5cd59f341ca7a0b64a8bd24c6cc42dr.jpeg,174986,1365,768,Whisk B9D5Cd59F341Ca7A0B64A8Bd24C6Cc42Dr,"websitecontent,images,ai_art,whisk,b9d5cd59f341ca7a0b64a8bd24c6cc42dr"
WebsiteContent/Images/Branding/Architect_Badge.jpg,245089,1000,1000,Architect Badge,"websitecontent,images,branding,architect,badge"
WebsiteContent/Images/Branding/Ascendancy_Badge.png,1925444,1024,1024,Ascendancy Badge,"websitecontent,images,branding,ascendancy,badge"
WebsiteContent/Images/Branding/CombinedLogos.png,1011730,741,952,Combinedlogos,"websitecontent,images,branding,combinedlogos"
WebsiteContent/Images/Branding/NeuroFoundry_Background_GUI_800x600.png,806316,798,626,Neurofoundry Background Gui 800X600,"websitecontent,images,branding,neurofoundry,background,gui,800x600"
WebsiteContent/Images/Branding/Neurofoundry - Invoice v1.png,2679659,1414,2000,Neurofoundry Invoice V1,"websitecontent,images,branding,neurofoundry,invoice,v1"
WebsiteContent/Images/Branding/Warpath_Badge.png,1311569,1024,1024,Warpath Badge,"websitecontent,images,branding,warpath,badge"
WebsiteContent/Images/Branding/foundryfavicon.png,1505312,1024,1024,Foundryfavicon,"websitecontent,images,branding,foundryfavicon"
WebsiteContent/Images/Branding/logo.png,2455434,1024,1024,Logo,"websitecontent,images,branding,logo"
WebsiteContent/Images/Branding/neurofoundry_glow_trimmed.png,216979,672,191,Neurofoundry Glow Trimmed,"websitecontent,images,branding,neurofoundry,glow,trimmed"
WebsiteContent/Images/Branding/neurofoundry_text_outline_2px.png,1757,275,72,Neurofoundry Text Outline 2Px,"websitecontent,images,branding,neurofoundry,text,outline,2px"
WebsiteContent/Images/Branding/qr-code.png,2606,155,155,Qr Code,"websitecontent,images,branding,qr,code"
WebsiteContent/Images/Textures_3D/3D_fatherandson_albedo.png,205847,604,734,3D Fatherandson Albedo,"websitecontent,images,textures_3d,3d,fatherandson,albedo"
WebsiteContent/Images/Textures_3D/3D_fatherandson_normal.png,169669,604,734,3D Fatherandson Normal,"websitecontent,images,textures_3d,3d,fatherandson,normal"
WebsiteContent/Images/Textures_3D/3D_output_albedo.png,219712,604,734,3D Output Albedo,"websitecontent,images,textures_3d,3d,output,albedo"
WebsiteContent/Images/Textures_3D/3D_output_normal.png,231413,604,734,3D Output Normal,"websitecontent,images,textures_3d,3d,output,normal"
WebsiteContent/Images/Textures_3D/nf_textures.png,2084024,1024,1024,Nf Textures,"websitecontent,images,textures_3d,nf,textures"
WebsiteContent/Images/background.png,392017,435,515,Background,"websitecontent,images,background"
assets/ani_b.webp,2529962,802,357,Ani B,"assets,ani"
assets/anilogo.webp,4137300,800,443,Anilogo,"assets,anilogo"
assets/architect_para.png,1058232,1365,768,Architect Para,"assets,architect,para"
assets/architect_t_para.png,434000,1365,768,Architect T Para,"assets,architect,para"
assets/flame_front.png,574914,1365,768,Flame Front,"assets,flame,front"
assets/flame_rear.png,949234,1365,768,Flame Rear,"assets,flame,rear"
assets/forge_btn.png,257542,667,248,Forge Btn,"assets,forge,btn"
assets/proj_btn.png,260389,667,248,Proj Btn,"assets,proj,btn"
assets/robot_debris.png,438127,1365,768,Robot Debris,"assets,robot,debris"
assets/rusted.png,626244,826,360,Rusted,"assets,rusted"
banner.png,389337,832,454,Banner,banner
bg1.png,1872580,1384,725,Bg1,bg1
brain.png,121933,1024,1024,Brain,brain
f.png,1538124,1384,725,F,
fg1.png,1192122,1384,725,Fg1,fg1
fg1bump.png,44730,170,725,Fg1Bump,fg1bump
frame.png,501188,1384,725,Frame,frame
furnace.png,645435,1024,863,Furnace,furnace
furnacebg.png,1095704,1321,739,Furnacebg,furnacebg
pillar_base.png,6275300,1216,3520,Pillar Base,"pillar,base"
pillar_bump.png,3938934,1216,3520,Pillar Bump,"pillar,bump"
pillar_color.png,2087936,1216,3520,Pillar Color,"pillar,color"
renderanvil.png,50467,313,166,Renderanvil,renderanvil
steam.png,25299,100,120,Steam,steam
t1.png,502382,1384,725,T1,t1
thskey.png,392017,435,515,Thskey,thskey
thumbnails/deliver.png,772036,1200,720,Deliver,"thumbnails,deliver"
thumbnails/deliver_ol.png,561967,1200,720,Deliver Ol,"thumbnails,deliver,ol"
thumbnails/deploy.png,739225,1200,720,Deploy,"thumbnails,deploy"
thumbnails/deploy_ol.png,797017,1200,720,Deploy Ol,"thumbnails,deploy,ol"
thumbnails/design.png,672954,1200,720,Design,"thumbnails,design"
thumbnails/design_ol.png,401882,1200,720,Design Ol,"thumbnails,design,ol"
unnamed (10).jpg,142963,1024,559,Unnamed (10),"unnamed,10"
unnamed (11).jpg,84303,1024,585,Unnamed (11),"unnamed,11"
unnamed (7).jpg,140108,683,1024,Unnamed (7),unnamed
unnamed (8).jpg,159927,683,1024,Unnamed (8),unnamed
unnamed(11).jpg,121157,1024,535,Unnamed(11),"unnamed,11"
